o_x,h_x,l_x,c_x,t,o_y,h_y,l_y,c_y,longLiquidationUsd,shortLiquidationUsd,longAccount_x,shortAccount_x,longShortRadio_x,longAccount_y,shortAccount_y,longShortRadio_y,longAccount,shortAccount,longShortRadio_x.1,longShortRadio_y.1,buy,sell,price_x,index,googleTrend,difficulty,transcations,sentByAddress,tweets,avg,ahr999,value,puellMultiple,modelVariance,nextHalving,stockFlow365dAverage,ma110,ma350Mu2,3LowBullHigh,x8,2LowBullHigh,price_y,ma350,1.6AccumulationHigh,x21,x13,x5,BTC price,Model price,Fire sale,Buy,Accumulate,Still cheap,Hold,Is this a bubble?,FOMO intensifies,"Sell. Seriously, sell",Maximum bubble territory,values,prices,RSI,MACD,MACD_Signal
78.06,78.46,73.16,74.35,2022-11-01,0.00080698,0.01096295,-0.01371547,-0.01371547,0.0,0.0,61.39,38.61,1.59,42.0,56.0,0.75,11.45,11.84,0.967,1.075247662509,1150170,1051101,20504.0,6.99387124,16.266,36835682546788.0,276048,535109,117865,23818.0029,0.4261379324558922,20504.0,0.5814095970359761,-0.8653998301603281,549,48678.58396506849,20913.581981981984,66303.56868571429,99455.35302857144,1542.4610285714286,66303.56868571429,20488.0,33151.78434285714,53042.85494857143,56.648812500000005,293.28445714285715,25639.92628571429,20488.0,17762.286282,23671.107684,32173.737237,44168.101763,59626.937439,80496.365543,110590.253787,152271.046475,204417.485882,278067.796529,31.0,20659.5,64.84561732465174,344.28212395112496,241.71442095850085
74.35,79.36,73.5,74.91,2022-11-02,-0.01371547,0.00939782,-0.01371547,-0.00070016,0.0,0.0,61.54,38.46,1.6,41.0,57.0,0.719,11.8,12.03,0.981,0.984277877577,1183374,1143108,20412.0,7.17652414,16.65,36835682546788.0,257345,510094,117496,23736.8409,0.4232767059193968,20412.0,0.4944184635584432,-0.8837624686036456,548,48789.37256090074,20910.464864864865,66072.4144,99108.62159999998,1542.4610285714286,66072.4144,20161.0,33036.2072,52857.93152,56.648812500000005,293.28445714285715,25639.92628571429,20161.0,17783.875087,23699.878244,32212.842143,44221.784972,59699.409772,80594.203192,110724.668432,152456.121181,204665.940903,278405.768302,30.0,20471.0,62.883896814930246,314.3225337674048,256.23604352028167
74.91,75.17,70.08,72.31,2022-11-03,-0.00070016,0.00676324,-0.00540006,-0.00233756,0.0,0.0,66.56,33.44,1.99,42.0,56.0,0.75,12.01,12.64,0.95,1.072971557431,980019,989974,20255.0,5.97455326,16.43,36835682546788.0,296875,585083,108848,23655.2796,0.4177442623472252,20255.0,0.6564686533151584,-0.8804700414473317,547,48737.542749832064,20904.663063063064,65860.66582857142,98790.99874285712,1542.4610285714286,65860.66582857142,20206.0,32930.33291428571,52688.53266285714,56.648812500000005,293.28445714285715,25639.92628571429,20206.0,17805.485846,23728.678061,32251.986816,44275.522772,59771.955802,80692.140333,110859.219765,152641.384092,204914.648581,278744.083764,30.0,20465.5,64.35344459567371,290.8576407885048,263.1603629739263
72.31,79.64,72.02,79.36,2022-11-04,-0.00233756,0.00805407,-0.00233756,-0.00018471,0.0,0.0,66.33,33.67,1.97,42.0,56.0,0.75,11.83,11.74,1.008,1.026312731364,1298189,1248924,20697.0,7.32057898,16.905,36835682546788.0,281386,569110,121704,23578.4829,0.4370901698865492,20697.0,0.5193320606355932,-0.8362172531692185,546,48813.11333166261,20904.455855855856,65644.72868571429,98467.09302857144,1542.4610285714286,65644.72868571429,21153.0,32822.364342857145,52515.78294857143,56.648812500000005,293.28445714285715,25639.92628571429,21153.0,17827.118576,23757.50716,32291.171287,44329.315208,59844.575591,80790.177048,110993.907898,152826.835361,205163.609123,279082.743193,30.0,20128.0,70.5555106130094,344.7030079328033,279.4688919657017
79.36,81.61,79.2,80.74,2022-11-05,-0.00018471,0.00611547,-0.00457427,-0.0012941,0.0,0.0,56.9,43.1,1.32,46.0,52.0,0.885,11.27,11.86,0.95,1.007206893964,851103,901959,21335.0,7.65825976,16.323,36835682546788.0,257047,531530,109155,23501.4553,0.4654368355244572,21335.0,0.6386085083327059,-0.8300359773843535,545,48826.51259883544,20908.753153153157,65423.8144,98135.7216,1542.4610285714286,65423.8144,21290.0,32711.9072,52339.05152,56.648812500000005,293.28445714285715,25639.92628571429,21290.0,17848.773297,23786.365563,32330.395589,44383.162325,59917.269198,80888.313418,111128.732942,153012.475143,205412.822734,279421.746873,30.0,20246.0,71.09364818193664,393.89008466485757,302.3531305055329
80.74,82.5,77.48,78.59,2022-11-06,-0.0012941,0.00757235,-0.0012941,0.00757235,0.0,0.0,54.95,45.05,1.22,42.0,56.0,0.75,11.77,12.23,0.962,1.02569085694,973211,942550,21220.0,7.2404852,14.476,36835682546788.0,223267,467850,99840,23422.8767,0.4614439473165388,21220.0,0.5852409613439374,-0.848323174558347,544,48875.086637287655,20895.07747747748,65205.39725714285,97808.09588571428,1542.4610285714286,65205.39725714285,20925.0,32602.698628571427,52164.31780571429,56.648812500000005,293.28445714285715,25639.92628571429,20925.0,17870.450025,23815.253295,32369.659755,44437.064166,59990.036685,80986.549524,111263.69501,153198.303591,205662.289624,279761.095084,38.0,21114.5,63.846089949694765,398.82138313396354,321.646781031219
78.59,87.35,77.68,85.1,2022-11-07,0.00757235,0.00757235,-0.00057102,0.00649671,0.0,0.0,60.0,40.0,1.5,41.0,57.0,0.719,11.83,11.91,0.993,1.046070380377,1095960,1218552,20772.0,7.53817548,16.907,36766791551487.0,264725,507463,114921,23341.3854,0.4431969228318732,20772.0,0.6067398882212413,-0.8633300038911997,543,48855.344003222686,20870.446846846848,65001.15154285714,97501.72731428572,1542.4610285714286,65001.15154285714,20605.0,32500.57577142857,52000.92123428572,56.648812500000005,293.28445714285715,25639.92628571429,20605.0,17892.148779,23844.17038,32408.963818,44491.020778,60062.87811,81084.885449,111398.794213,153384.320861,205912.009997,280100.788108,40.0,21292.0,62.77159406895124,372.6128975113643,331.84000432724804
85.1,85.1,85.1,85.1,2022-11-08,0.00649671,0.00649671,0.00649671,0.00649671,0.0,0.0,67.74,32.26,2.1,42.0,56.0,0.75,11.69,12.12,0.965,1.046070380377,2132808,1578360,19570.0,8.59550169,24.83,36762198818467.0,295615,555614,143108,23257.6704,0.3943488615610944,19570.0,0.678240353352627,-0.9667968704783352,542,48830.78427576152,20827.918108108108,64777.27331428572,97165.90997142855,1542.4610285714286,64777.27331428572,18570.31,32388.63665714286,51821.81865142858,56.648812500000005,293.28445714285715,25639.92628571429,18570.31,17913.869577,23873.116843,32448.30781,44545.032204,60135.793536,81183.321273,111534.030664,153570.527106,206161.984063,280440.826228,33.0,20938.0,37.856054660449665,185.5214298866922,302.57628943913693
56.94,114.98,47.72,112.81,2022-11-09,-0.06722695,0.06092248,-0.06722695,-0.04238826,0.0,0.0,67.74,32.26,2.1,42.0,56.0,0.75,11.69,12.12,0.965,0.952097003503,1687539,1272520,17519.0,12.51719098,45.618,36762198818467.0,292116,553177,196136,23162.7799,0.3169506210896559,17519.0,0.5610902025471631,-1.1211432379186714,541,48835.89605167454,20762.80963963964,64540.52451428571,96810.78677142855,1542.4610285714286,64540.52451428571,15915.96,32270.26225714285,51632.41961142857,56.648812500000005,293.28445714285715,25639.92628571429,15915.96,17935.612437,23902.092706,32487.691763,44599.09849,60208.783022,81281.857079,111669.404476,153756.922482,206412.212028,280781.209726,31.0,20545.0,20.218879713480717,-174.91742856439305,207.07754583843095
112.81,136.6,53.86,127.35,2022-11-10,-0.04238826,-0.04238826,-0.14163662,-0.05898449,0.0,0.0,72.9,27.1,2.69,45.0,53.0,0.849,14.6,13.9,1.05,1.025120990647,2243251,1764672,16915.0,10.66859344,48.537,36762198818467.0,292684,573050,152541,23064.3435,0.2963911136307788,16915.0,0.4764624527700834,-1.023204509479239,540,48871.10069778333,20716.56,64304.65188571429,96456.97782857144,1542.4610285714286,64304.65188571429,17566.29,32152.325942857144,51443.72150857144,56.648812500000005,293.28445714285715,25639.92628571429,17566.29,17957.377377,23931.097994,32527.115711,44653.21968,60281.846628,81380.492948,111804.915759,153943.507142,206662.694099,281121.938883,31.0,20545.0,35.44354049117372,-323.6689281649342,100.92825103775795
127.35,156.74,118.9,132.51,2022-11-11,-0.05898449,0.01277266,-0.09834463,-0.0382004,0.0,0.0,65.99,34.01,1.94,45.0,53.0,0.849,13.88,13.38,1.037,0.974400482428,2025829,1921933,16812.0,7.66026021,39.693,36762198818467.0,284333,558081,124161,22966.8442,0.2936962623494952,16812.0,0.4814908811552983,-1.050631664008863,539,48897.65427906077,20668.05846846847,64094.56805714286,96141.85208571429,1542.4610285714286,64094.56805714286,17100.33,32047.28402857143,51275.65444571429,56.648812500000005,293.28445714285715,25639.92628571429,17100.33,17979.164414,23960.132731,32566.579687,44707.39582,60354.984417,81479.228963,111940.564627,154130.281242,206913.430485,281463.013983,22.0,15952.5,31.613444971394244,-473.69418935436624,-13.996237040666898
132.51,133.69,122.56,122.67,2022-11-12,-0.0382004,0.02010109,-0.08338846,-0.08338846,0.0,0.0,69.97,30.03,2.33,44.0,54.0,0.815,13.33,12.67,1.052,0.917955318546,723316,714319,16850.0,7.02810452,36.969,36762198818467.0,239087,502220,111941,22868.6591,0.2959503790963286,16850.0,0.5862414900323988,-1.06781001621394,538,48864.97676236356,20615.282342342347,63877.8472,95816.7708,1542.4610285714286,63877.8472,16797.85,31938.9236,51102.27776,56.648812500000005,293.28445714285715,25639.92628571429,16797.85,18000.973568,23989.196942,32606.083722,44761.626953,60428.196447,81578.065204,112076.351192,154317.244936,207164.421394,281804.435308,25.0,17400.5,29.009342633869153,-609.9665827152676,-133.19030617558704
122.67,129.46,114.32,115.07,2022-11-13,-0.08338846,-0.00192776,-0.09995522,-0.00192776,0.0,0.0,69.23,30.77,2.25,45.0,53.0,0.849,13.25,12.52,1.058,0.969945878259,1183511,1487158,16653.0,6.14198664,33.675,36762198818467.0,227515,463550,106990,22772.119,0.2899614197746623,16653.0,0.4467673562606829,-1.096916345175071,537,48946.27944581602,20570.355495495496,63643.52788571429,95465.29182857144,1542.4610285714286,63643.52788571429,16343.12,31821.763942857146,50914.82230857144,56.648812500000005,293.28445714285715,25639.92628571429,16343.12,18022.804856,24018.290649,32645.62785,44815.913126,60501.482781,81677.001754,112212.275567,154504.39838,207415.667033,282146.203142,21.0,16905.0,28.235065840134766,-746.0562745767675,-255.7634998558231
115.07,123.42,112.23,114.27,2022-11-14,-0.00192776,0.00722753,-0.07393787,-0.07393787,0.0,0.0,72.6,27.4,2.65,44.0,54.0,0.815,13.29,12.92,1.029,0.965209415053,1381990,1243804,16459.0,8.23790012,37.161,36762198818467.0,242293,469623,145064,22672.3305,0.2841635903854022,16459.0,0.4163705331236812,-1.080678746349948,536,49027.55107420037,20528.772072072075,63408.03782857143,95112.05674285714,1542.4610285714286,63408.03782857143,16638.24,31704.018914285716,50726.430262857146,56.648812500000005,293.28445714285715,25639.92628571429,16638.24,18044.658296,24047.413878,32685.212103,44870.254383,60574.843477,81776.038694,112348.337864,154691.741727,207667.16761,282488.317766,22.0,16796.0,30.739397260054844,-820.6348505414571,-368.7377699929499
114.27,117.34,108.95,114.29,2022-11-15,-0.07393787,-0.00015584,-0.07937097,-0.03983756,0.0,0.0,71.01,28.99,2.449,45.0,53.0,0.849,12.83,12.91,0.994,1.055432370328,1207442,1137230,16830.0,6.42734559,32.033,36762198818467.0,282935,528753,126661,22576.9694,0.2980295980405847,16830.0,0.5364114788761042,-1.0649612523845595,535,49019.11750540232,20474.58207207207,63178.8716,94768.3074,1542.4610285714286,63178.8716,16898.91,31589.4358,50543.09728,56.648812500000005,293.28445714285715,25639.92628571429,16898.91,18066.533906,24076.566653,32724.836514,44924.650769,60648.278598,81875.176108,112484.538196,154879.275134,207918.923334,282830.779464,24.0,16338.5,32.50816573791856,-848.9192066329742,-464.77405732095474
114.29,138.42,81.38,104.67,2022-11-16,-0.03983756,0.02544028,-0.07717062,0.02544028,0.0,0.0,64.16,35.84,1.79,44.0,54.0,0.815,12.65,12.63,1.002,0.915129130121,1129407,1147967,16700.0,5.59700693,29.696,36762198818467.0,268223,505923,118527,22482.8527,0.2943320400419183,16700.0,0.5293690299278325,-1.077455197998587,534,49021.52773736357,20409.905585585584,62947.60251428571,94421.40377142857,1542.4610285714286,62947.60251428571,16689.91,31473.80125714285,50358.082011428574,56.648812500000005,293.28445714285715,25639.92628571429,16689.91,18088.431705,24105.748997,32764.501116,44979.102328,60721.788204,81974.414076,112620.876675,155066.998755,208170.934413,283173.58852,22.0,16560.0,32.88641627873267,-878.0773864011717,-547.4347231369982
104.67,106.15,101.53,101.85,2022-11-17,0.02544028,0.03271305,-0.00509381,0.02021989,0.0,0.0,70.33,29.67,2.37,45.0,53.0,0.849,13.16,13.23,0.995,0.943811236102,1384775,1400706,16609.0,8.91124234,29.401,36762198818467.0,248327,488192,201128,22389.8355,0.2920057369940132,16609.0,0.4828482129645509,-1.0656994775371782,533,49042.80664694224,20347.17225225225,62720.91451428571,94081.37177142856,1542.4610285714286,62720.91451428571,16894.6,31360.45725714285,50176.73161142857,56.648812500000005,293.28445714285715,25639.92628571429,16894.6,18110.35171,24134.960934,32804.205942,45033.609107,60795.372356,82073.75268,112757.353415,155254.912746,208423.201055,283516.745218,23.0,16854.5,33.92683442998849,-874.5869872292315,-612.8651759554448
101.85,107.89,100.23,101.47,2022-11-18,0.02021989,0.02021989,-0.01140293,0.00539477,0.0,0.0,66.33,33.67,1.97,45.0,53.0,0.849,13.16,12.95,1.016,1.033021229396,1161215,980221,16739.0,5.1203952,25.625,36762198818467.0,281952,541638,129206,22296.2535,0.2974964885100749,16739.0,0.4941224688926918,-1.077288014946344,532,49042.08319027176,20284.475855855857,62510.94137142857,93766.41205714284,1542.4610285714286,62510.94137142857,16699.7,31255.470685714285,50008.75309714286,56.648812500000005,293.28445714285715,25639.92628571429,16699.7,18132.293939,24164.20249,32843.951024,45088.171151,60869.031114,82173.192004,112893.968528,155443.017263,208675.72347,283860.24984,20.0,16693.5,26.68165614540702,-877.4331190776611,-665.778764579888
101.47,102.68,99.29,99.45,2022-11-19,0.00539477,0.02253144,0.00539477,0.01930323,0.0,0.0,68.45,31.55,2.17,43.0,55.0,0.782,13.14,12.87,1.021,0.969889944494,749217,768090,16645.0,4.49813931,22.121,36762198818467.0,260547,503098,127777,22203.6494,0.2950512492577307,16645.0,0.5181427266543178,-1.0756364874458626,531,49041.635199616605,20225.01774774775,62325.59937142857,93488.39905714286,1542.4610285714286,62325.59937142857,16727.15,31162.79968571429,49860.479497142864,56.648812500000005,293.28445714285715,25639.92628571429,16727.15,18154.258412,24193.473687,32883.736396,45142.788503,60942.76454,82272.732129,113030.722127,155631.312459,208928.501865,284204.102672,23.0,16834.0,25.83074929788748,-867.4740130434948,-706.1178142726094
99.45,111.71,99.09,111.6,2022-11-20,0.01930323,0.01930323,-0.00484425,-0.00484425,0.0,0.0,69.14,30.86,2.24,43.0,55.0,0.782,12.93,12.64,1.023,0.882925684575,1111298,977568,16593.0,4.42795422,20.452,36773572356983.0,229774,463097,128270,22109.5205,0.2941198409017863,16593.0,0.5279037920270464,-1.1058407251117632,530,48999.956015643926,20161.005855855856,62136.14611428572,93204.21917142856,1542.4610285714286,62136.14611428572,16215.68,31068.073057142858,49708.91689142858,56.648812500000005,293.28445714285715,25639.92628571429,16215.68,18176.245145,24222.774551,32923.56209,45197.46121,61016.572694,82372.373137,113167.614324,155819.798492,209181.536449,284548.303996,23.0,16654.5,25.43605985495273,-890.5865765432973,-743.011566726747
111.6,114.16,98.93,98.94,2022-11-21,-0.00484425,0.03648197,-0.00484425,0.02427348,0.0,0.0,69.51,30.49,2.28,45.0,53.0,0.849,13.53,13.13,1.03,0.970125030921,1494909,1663929,16043.0,5.81297256,26.716,36950494067222.0,270650,503312,156187,22013.0975,0.2758312884166666,16043.0,0.4445709546750965,-1.1307314113465612,529,49037.43355429376,20096.25036036036,61937.19834285714,92905.79751428572,1542.4610285714286,61937.19834285714,15829.14,30968.59917142857,49549.75867428572,56.648812500000005,293.28445714285715,25639.92628571429,15829.14,18198.254157,24252.105105,32963.428139,45252.189316,61090.455638,82472.115111,113304.645234,156008.475517,209434.827432,284892.854098,24.0,16673.5,25.2607129018957,-929.3806752791206,-780.2853884372219
98.94,109.8,98.87,107.2,2022-11-22,0.02427348,0.02427348,-0.03261361,-0.03261361,0.0,0.0,71.1,28.9,2.46,45.0,53.0,0.849,13.54,13.01,1.041,1.04753960358,1352458,1016242,15946.0,5.05495771,26.238,36950494067223.0,253109,483815,139292,21923.1691,0.2733087278705597,15946.0,0.4254530537210576,-1.1076692669846135,528,49058.3039576891,20036.29837837838,61740.38308571428,92610.57462857144,1542.4610285714286,61740.38308571428,16205.33,30870.19154285714,49392.30646857143,56.648812500000005,293.28445714285715,25639.92628571429,16205.33,18220.285467,24281.465374,33003.334576,45306.972867,61164.413432,82571.958134,113441.81497,156197.34369,209688.375023,285237.753261,21.0,16203.0,35.20755878246858,-919.1742207242314,-808.0631548946238
107.2,108.33,98.17,101.28,2022-11-23,-0.03261361,0.02696462,-0.03261361,-0.02462744,0.0,0.0,69.23,30.77,2.25,44.0,54.0,0.815,16.23,16.05,1.011,1.042225106328,1121535,1092725,16471.0,4.43585165,23.456,36950494067222.0,273856,550268,132170,21838.0026,0.2924019276458137,16471.0,0.4888894254870401,-1.082333829390567,527,49107.2871501723,19981.97171171171,61545.175885714285,92317.76382857142,1542.4610285714286,61545.175885714285,16637.74,30772.587942857142,49236.14070857143,56.648812500000005,293.28445714285715,25639.92628571429,16637.74,18242.339092,24310.855382,33043.281434,45361.811909,61238.446138,82671.902286,113579.123643,156386.403166,209942.179431,285583.001771,22.0,15830.5,56.25249049712923,-866.208545836791,-819.6922330830573
101.28,106.03,99.77,99.77,2022-11-24,-0.02462744,-0.01823445,-0.05456149,-0.03268445,0.0,0.0,68.15,31.85,2.14,44.0,54.0,0.815,15.86,15.84,1.001,1.011493217847,1054614,1096459,16604.0,4.22352448,20.744,36950494067222.0,254510,518504,131430,21758.0881,0.2978913705277362,16604.0,0.4610871913375968,-1.083880191141855,526,49114.49443372741,19922.30927927928,61366.55,92049.825,1542.4610285714286,61366.55,16614.47,30683.275,49093.240000000005,56.648812500000005,293.28445714285715,25639.92628571429,16614.47,18264.41505,24340.275152,33083.268746,45416.706485,61312.553816,82771.947651,113716.571369,156575.654101,210196.240865,285928.599912,22.0,16159.0,38.518123564494026,-816.6961960436493,-819.0930256751758
99.77,100.06,96.52,97.01,2022-11-25,-0.03486844,0.00662514,-0.03486844,0.00662514,0.0,0.0,66.44,33.56,1.98,45.0,53.0,0.849,16.31,16.11,1.012,0.998032016482,1137499,1175735,16495.0,4.46511659,19.578,36950494067223.0,258218,516359,145579,21683.7681,0.2946613557828817,16495.0,0.4404292354161663,-1.0908073417409252,525,49143.58617149622,19864.07099099099,61190.58171428572,91785.87257142858,1542.4610285714286,61190.58171428572,16509.55,30595.29085714286,48952.46537142858,56.648812500000005,293.28445714285715,25639.92628571429,16509.55,18286.51336,24369.72471,33123.296545,45471.656641,61386.736527,82872.094312,113854.158259,156765.096652,210450.559534,286274.547969,20.0,16537.5,42.19338026977882,-776.9670764502334,-810.6678358301874
97.01,97.63,95.02,96.58,2022-11-26,0.00662514,0.00662514,-0.0251585,-0.0251585,0.0,0.0,67.43,32.57,2.07,45.0,53.0,0.849,16.01,15.99,1.001,0.987218726108,989843,999608,16561.0,3.13511089,16.838,36950494067223.0,229626,487987,120721,21614.7446,0.2976298564576084,16561.0,0.3892058309077083,-1.094976563044007,524,49241.385987774745,19803.40954954955,61003.27645714286,91504.91468571428,1542.4610285714286,61003.27645714286,16473.58,30501.63822857143,48802.62116571429,56.648812500000005,293.28445714285715,25639.92628571429,16473.58,18308.63404,24399.20408,33163.364864,45526.662424,61460.994334,82972.342351,113991.884428,156954.730974,210705.135649,286620.846228,20.0,16538.5,45.39039555571986,-739.855349401827,-796.5053385445153
96.58,98.68,94.57,95.31,2022-11-27,-0.0251585,0.00494925,-0.0251585,-0.01175342,0.0,0.0,68.45,31.55,2.17,45.0,53.0,0.849,16.13,15.82,1.02,1.027539895664,906722,975134,16542.0,5.39197797,17.076,36950494067222.0,222536,452630,169345,21548.3955,0.2975191149359533,16542.0,0.4861299961895146,-1.095266856149646,523,49254.396806025004,19737.29378378378,60810.88302857142,91216.32454285712,1542.4610285714286,60810.88302857142,16473.15,30405.44151428571,48648.70642285714,56.648812500000005,293.28445714285715,25639.92628571429,16473.15,18330.777109,24428.713286,33203.473736,45581.723877,61535.327296,83072.69185,114129.749988,157144.557225,210959.969419,286967.494973,22.0,16523.5,52.12257144069761,-702.3821119775566,-777.6806932311237
95.31,101.26,95.06,99.79,2022-11-28,-0.01175342,0.01763057,-0.01175342,0.00169134,0.0,0.0,68.45,31.55,2.17,45.0,53.0,0.849,15.72,15.82,0.994,0.972929762163,1286603,1332975,16214.0,2.94622744,21.712,36950494067222.0,262497,494685,107897,21487.5721,0.2863170143504013,16214.0,0.4984158450032755,-1.110827711421024,522,49270.2863277532,19675.25801801802,60637.12891428572,90955.69337142858,1542.4610285714286,60637.12891428572,16224.03,30318.56445714286,48509.70313142858,56.648812500000005,293.28445714285715,25639.92628571429,16224.03,18352.942584,24458.252351,33243.623194,45636.841047,61609.735476,83173.142892,114267.755055,157334.575559,211215.061055,287314.49449,26.0,16440.5,43.1354676619059,-684.8912038875715,-759.1227953624133
99.79,100.0,92.32,92.75,2022-11-29,0.00169134,0.00169134,-0.01788948,-0.01788948,0.0,0.0,69.33,30.67,2.261,46.0,52.0,0.885,16.02,16.46,0.973,1.019969501739,1362493,1515145,16413.0,2.57612029,21.338,36950494067222.0,271381,519226,100130,21422.2519,0.2939445886294094,16413.0,0.4643087008189889,-1.0968145571936496,521,49283.13247628231,19607.116306306307,60455.136171428574,90682.70425714286,1542.4610285714286,60455.136171428574,16457.27,30227.568085714287,48364.10893714286,56.648812500000005,293.28445714285715,25639.92628571429,16457.27,18375.130483,24487.821302,33283.813271,45692.013979,61684.218933,83273.69556,114405.89974,157524.786135,211470.410765,287661.845065,28.0,16475.5,42.613727588975124,-644.7764331174985,-736.2535229134303
92.75,93.65,87.81,89.66,2022-11-30,-0.01788948,-0.00605303,-0.03696907,-0.03696907,0.0,0.0,67.64,32.36,2.09,44.0,54.0,0.815,15.78,16.28,0.969,1.078749117088,1319173,1339166,16898.0,4.43958075,20.202,36950494067222.0,271278,519915,133079,21363.0412,0.3120777238792533,16898.0,0.4977836589305398,-1.0548700745630877,520,49285.13343940435,19546.286936936936,60272.93011428572,90409.39517142856,1542.4610285714286,60272.93011428572,17162.94,30136.465057142857,48218.344091428575,56.648812500000005,293.28445714285715,25639.92628571429,17162.94,18397.340826,24517.420161,33324.044,45747.242718,61758.777731,83374.349937,114544.184158,157715.189107,211726.01876,288009.546984,26.0,16109.0,56.78418481643704,-549.706838547012,-698.9441860401466
89.66,100.0,88.66,99.66,2022-12-01,-0.03696907,-0.01794662,-0.03795398,-0.01794662,0.0,0.0,64.54,35.46,1.82,44.0,54.0,0.815,15.92,15.7,1.014,0.981491754563,1540573,1805791,17059.0,3.51910812,20.185,36950494067222.0,285314,559595,113755,21302.4159,0.3185915101585359,17059.0,0.577352155543097,-1.0661484049202148,519,49295.97131668395,19479.324684684685,60097.24548571429,90145.86822857145,1542.4610285714286,60097.24548571429,16974.19,30048.622742857144,48077.79638857144,56.648812500000005,293.28445714285715,25639.92628571429,16974.19,18419.57363,24547.048953,33364.315414,45802.527309,61833.41193,83475.106105,114682.608423,157905.784634,211981.885251,288357.600532,29.0,16448.0,51.14672091703094,-484.01462811660895,-655.9582744554391
99.66,105.84,97.69,105.07,2022-12-02,-0.01794662,-0.01794662,-0.04927825,-0.02635262,0.0,0.0,64.79,35.21,1.84,45.0,53.0,0.849,16.49,15.57,1.059,1.007949440474,1500057,1411231,16962.0,2.08694283,18.249,36950494067223.0,271600,556040,93412,21241.7775,0.3155149651820277,16962.0,0.4684067349685817,-1.0575223635660844,518,49419.739566426266,19413.804234234238,59932.01822857143,89898.02734285714,1542.4610285714286,59932.01822857143,17164.23,29966.009114285716,47945.614582857146,56.648812500000005,293.28445714285715,25639.92628571429,17164.23,18441.828913,24576.707703,33404.627547,45857.867799,61908.121591,83575.964147,114821.172648,158096.57287,212238.010448,288706.005996,27.0,17163.5,56.702265493569385,-411.87064982365337,-607.1407495290821
105.07,106.69,102.7,104.92,2022-12-03,-0.02635262,-0.00645826,-0.02804766,-0.00645826,0.0,0.0,64.03,35.97,1.78,44.0,54.0,0.815,16.5,15.15,1.089,0.96686482981,1300400,1420396,16974.0,1.47146498,16.832,36950494067222.0,250820,526182,83177,21180.3887,0.3165133633093641,16974.0,0.4985737504076094,-1.0703409394464956,517,49491.12309879043,19347.417657657657,59760.967314285714,89641.45097142857,1542.4610285714286,59760.967314285714,16970.09,29880.483657142857,47808.773851428574,56.648812500000005,293.28445714285715,25639.92628571429,16970.09,18464.106694,24606.396435,33444.980431,45913.264232,61982.906776,83676.924147,114959.876947,158287.553975,212494.394561,289054.763663,27.0,16954.5,53.34429100039644,-366.1408588553968,-558.9407713943451
104.92,104.92,92.41,92.69,2022-12-04,-0.00645826,-0.00346228,-0.04519635,-0.04519635,1011.61305,0.0,64.03,35.97,1.78,45.0,53.0,0.849,16.88,15.44,1.093,1.041188625515,1506931,1473419,17017.0,2.21453616,16.29,36950494067222.0,219670,455538,89870,21121.7716,0.3186355398131987,17017.0,0.5286978300519701,-1.0623183893011363,516,49568.5388588255,19284.18828828829,59590.9704,89386.4556,1542.4610285714286,59590.9704,17133.54,29795.4852,47672.77632,56.648812500000005,293.28445714285715,25639.92628571429,17133.54,18486.406992,24636.115174,33485.374099,45968.716655,62057.767546,83777.986187,115098.721434,158478.728104,212751.037801,289403.873819,27.0,17037.5,63.974130213693684,-313.1013832095523,-509.77289375738656
92.69,93.8,79.79,91.25,2022-12-05,-0.04519635,-0.02435219,-0.04519635,-0.03176362,0.0,0.0,62.96,37.04,1.7,45.0,53.0,0.849,16.34,15.41,1.06,0.984982868866,1740749,2047060,17173.0,3.49462786,18.73,36950494067222.0,273918,521110,112551,21064.5449,0.3250123733974822,17173.0,0.5585941267848551,-1.0715697598064953,515,49646.32007230571,19222.083783783783,59418.852685714286,89128.27902857143,1542.4610285714286,59418.852685714286,17002.4,29709.426342857143,47535.08214857143,56.648812500000005,293.28445714285715,25639.92628571429,17002.4,18508.729823,24665.863943,33525.808586,46024.225111,62132.703963,83879.150349,115237.706224,158670.095414,213007.940379,289753.33675,26.0,16953.5,69.36878041693907,-278.43944208292305,-463.50620342249385
91.25,101.05,89.42,95.6,2022-12-06,-0.03176362,-0.01884706,-0.03872674,-0.03872674,33344.4059,0.0,65.28,34.72,1.88,44.0,54.0,0.815,16.42,15.57,1.055,1.019750586016,1873893,1748237,16998.0,4.80252573,18.418,34464833739061.0,262303,515857,120551,21005.4208,0.3189518122402776,16998.0,0.5145053695068734,-1.0686682586835268,514,49704.24691485493,19164.963963963964,59236.11382857143,88854.17074285714,1542.4610285714286,59236.11382857143,17071.7,29618.056914285717,47388.89106285715,56.648812500000005,293.28445714285715,25639.92628571429,17071.7,18531.075208,24695.642767,33566.283923,46079.789649,62207.716088,83980.416718,115376.83143,158861.656062,213265.102506,290103.152743,26.0,17095.0,65.9150945129232,-242.58134641866855,-419.3212320217288
95.6,98.3,90.07,90.77,2022-12-07,-0.03872674,-0.01005688,-0.03872674,-0.01005688,0.0,0.0,64.41,35.59,1.81,42.0,56.0,0.75,15.89,15.22,1.044,0.942102273753,1496611,1578132,16885.0,4.01669829,18.64,34244331613176.0,272156,528027,105786,20947.4599,0.3152338482489054,16885.0,0.6601612737496892,-1.0816828802272322,513,49699.03242750056,19107.32603603604,59053.85205714285,88580.77808571428,1542.4610285714286,59053.85205714285,16849.19,29526.926028571423,47243.08164571429,56.648812500000005,293.28445714285715,25639.92628571429,16849.19,18553.443163,24725.451671,33606.800144,46135.410312,62282.803983,84081.785377,115516.097167,159053.410206,213522.524393,290453.322087,25.0,16977.5,54.20888154620906,-229.47302250600478,-381.351590118584
90.77,91.75,84.73,89.86,2022-12-08,-0.01005688,-0.01005688,-0.02306719,-0.02172725,0.0,0.0,64.29,35.71,1.8,43.0,55.0,0.782,16.5,16.36,1.009,1.085200241116,1360644,1609017,16930.0,4.29898497,19.96,34244331613176.0,263671,526317,104067,20888.3334,0.3174487184976006,16930.0,0.6348432488733238,-1.0589980963946657,512,49693.64466406262,19074.01891891892,58861.46868571428,88292.20302857141,1542.4610285714286,58861.46868571428,17233.91,29430.73434285714,47089.174948571424,56.648812500000005,293.28445714285715,25639.92628571429,17233.91,18575.833708,24755.290679,33647.357283,46191.087146,62357.967709,84183.256408,115655.503549,159245.358003,213780.20625,290803.845067,29.0,17035.5,60.77886823971599,-185.89797644900682,-342.26086738466853
89.86,110.42,89.84,110.34,2022-12-09,-0.02172725,-0.01432778,-0.03819566,-0.01432778,0.0,0.0,60.16,39.84,1.51,43.0,55.0,0.782,15.72,15.45,1.017,1.001093217687,1233874,1391637,17188.0,3.66058534,17.384,34244331613176.0,265516,539271,96787,20829.8675,0.3277397387647435,17188.0,0.5930901167434701,-1.0643965164105431,511,49710.15559167174,19037.747027027028,58667.73051428572,88001.59577142858,1542.4610285714286,58667.73051428572,17146.82,29333.865257142857,46934.18441142858,56.648812500000005,293.28445714285715,25639.92628571429,17146.82,18598.246861,24785.159816,33687.955373,46246.820197,62433.207329,84284.829894,115795.050689,159437.499611,214038.14829,291154.721971,25.0,16844.5,61.15836768140862,-156.58683806874615,-305.1260615214841
110.34,114.04,108.15,112.13,2022-12-10,-0.01432778,-0.01398031,-0.02000551,-0.01525531,828.2352,0.0,61.39,38.61,1.59,43.0,55.0,0.782,16.16,15.4,1.049,1.008396724094,949164,962376,17159.0,2.78812338,15.248,34244331613176.0,241514,505193,83624,20774.1728,0.3271347617736252,17159.0,0.5996531125904041,-1.0658271295264274,510,49707.11568857348,18998.091711711717,58477.034857142855,87715.55228571428,1542.4610285714286,58477.034857142855,17121.26,29238.517428571427,46781.62788571429,56.648812500000005,293.28445714285715,25639.92628571429,17121.26,18620.68264,24815.059105,33728.594447,46302.609512,62508.522903,84386.505919,115934.738703,159629.835186,214296.350724,291505.953088,26.0,17230.0,61.38213668124105,-133.8767799295856,-270.8762052031044
112.13,114.89,111.97,112.39,2022-12-11,-0.01525531,-0.00701325,-0.05919322,-0.02969395,0.0,0.0,60.63,39.37,1.54,43.0,55.0,0.782,16.16,15.86,1.019,1.007932693993,883646,785398,17158.0,4.02936002,16.594,34244331613176.0,217641,458999,95331,20717.0567,0.3276222763593346,17158.0,0.573192651501039,-1.070696218551877,509,49692.622907686615,18958.723513513512,58283.16702857143,87424.75054285715,1542.4610285714286,58283.16702857143,17033.13,29141.583514285718,46626.53362285715,56.648812500000005,293.28445714285715,25639.92628571429,17033.13,18643.141064,24844.988572,33769.274538,46358.455134,62583.914494,84488.284567,116074.567706,159822.364887,214554.813763,291857.538704,27.0,17130.0,59.5466541191874,-121.5886514167978,-241.0186944458431
112.39,138.56,110.82,137.97,2022-12-12,-0.02969395,-0.01013565,-0.03231426,-0.01013565,0.0,0.0,63.1,36.9,1.71,43.0,55.0,0.782,16.31,15.87,1.028,1.015467601713,1279229,1392204,17000.0,4.30567024,18.141,34244331613176.0,262503,501985,107250,20660.1922,0.3221316516654677,17000.0,0.5562733103018026,-1.060528906706745,508,49692.003369515165,18919.70531531532,58091.85834285715,87137.78751428572,1542.4610285714286,58091.85834285715,17206.98,29045.929171428576,46473.48667428573,56.648812500000005,293.28445714285715,25639.92628571429,17206.98,18665.62215,24874.948242,33809.995679,46414.357112,62659.382163,84590.16592,116214.53781,160015.088871,214813.537619,292209.479108,26.0,17122.0,67.19893336692806,-96.70719857724544,-212.15639527212358
137.97,167.04,137.81,164.1,2022-12-13,-0.01013565,0.00809132,-0.01386816,0.00809132,0.0,0.0,61.54,38.46,1.6,43.0,55.0,0.782,16.48,15.43,1.068,1.076892682356,1825690,1996375,17464.0,4.91903918,20.677,34244331613176.0,287059,546019,104973,20608.2107,0.340423030219961,17464.0,0.6501259485447607,-1.0268591210105242,507,49650.149560065445,18887.373873873872,57920.75097142857,86881.12645714285,1542.4610285714286,57920.75097142857,17781.21,28960.375485714285,46336.600777142856,56.648812500000005,293.28445714285715,25639.92628571429,17781.21,18688.125918,24904.938137,33850.757904,46470.315489,62734.925972,84692.150063,116354.649132,160208.007296,215072.522504,292561.774588,27.0,16980.5,70.69574623739284,-30.303585115176247,-175.78583324073412
164.1,174.36,153.84,174.26,2022-12-14,0.00809132,0.02081876,-0.00326729,-0.00326729,0.0,0.0,56.52,43.48,1.3,42.0,56.0,0.75,15.36,15.09,1.018,1.021929787056,1798225,1883854,17874.0,6.31086434,20.016,34244331613176.0,276293,528884,123880,20558.8021,0.3570421026312331,17874.0,0.6042224463586785,-1.023507486716074,506,49635.71696931544,18853.55153153153,57754.80651428572,86632.20977142858,1542.4610285714286,57754.80651428572,17835.72,28877.403257142854,46203.845211428576,56.648812500000005,293.28445714285715,25639.92628571429,17835.72,18710.652386,24934.958284,33891.561247,46526.330311,62810.545983,84794.237077,116494.901786,160401.12032,215331.768629,292914.425432,27.0,17175.0,63.20512518548182,26.41575403733077,-135.34551578512117
174.26,186.09,164.18,165.73,2022-12-15,-0.00326729,0.03930455,-0.00326729,0.03519007,0.0,0.0,54.13,45.87,1.18,42.0,56.0,0.75,14.95,14.91,1.003,0.943565976232,1900996,1611537,17584.0,5.03182685,18.902,34244331613176.0,276574,555781,111475,20506.93,0.3460273983344593,17584.0,0.5707742142139719,-1.0503407394076696,505,49573.47430591324,18827.368828828832,57583.0792,86374.6188,1542.4610285714286,57583.0792,17341.72,28791.5396,46066.46336,56.648812500000005,293.28445714285715,25639.92628571429,17341.72,18733.201572,24965.008707,33932.40574,46582.401626,62886.242258,84896.427048,116635.295886,160594.428101,215591.276208,293267.431928,30.0,17765.0,56.441859731409565,31.14554107661752,-102.04730441277343
165.73,168.01,158.94,164.01,2022-12-16,0.03519007,0.03519007,-0.00209055,-0.00209055,0.0,0.0,63.24,36.76,1.72,43.0,55.0,0.782,15.97,15.23,1.049,0.947804285854,1428438,1707119,17100.0,4.74527908,20.126,34244331613176.0,254046,542123,108929,20447.3864,0.3278176685521281,17100.0,0.5201433153798127,-1.090717747391107,504,49631.09459836971,18796.91675675676,57413.861028571424,86120.79154285713,1542.4610285714286,57413.861028571424,16674.82,28706.930514285712,45931.08882285714,56.648812500000005,293.28445714285715,25639.92628571429,16674.82,18755.773495,24995.08943,33973.291418,46638.529478,62962.014858,84998.720059,116775.831547,160787.930797,215851.045452,293620.794367,31.0,17845.5,42.65046417962896,-18.70372025814504,-85.37858758184775
164.01,171.63,158.93,164.6,2022-12-17,-0.00209055,0.00269218,-0.01612685,0.00269218,0.0,0.0,63.9,36.1,1.77,46.0,52.0,0.885,16.32,16.06,1.016,1.031806495406,1240386,1279979,16699.0,2.79762666,17.837,34244331613176.0,263062,536035,89303,20381.9253,0.3132679133185162,16699.0,0.5325371417354766,-1.0837528031024188,503,49607.93751662174,18770.968108108107,57237.48691428572,85856.23037142858,1542.4610285714286,57237.48691428572,16783.53,28618.74345714286,45789.98953142858,56.648812500000005,293.28445714285715,25639.92628571429,16783.53,18778.368172,25025.200477,34014.218313,46694.713913,63037.863846,85101.116192,116916.508885,160981.628566,216111.076573,293974.513035,29.0,17366.5,47.12462624456705,-48.87423873685839,-78.07771781284988
164.6,165.97,159.09,159.34,2022-12-18,0.00269218,0.00269218,-0.04337432,0.0,0.0,0.0,64.16,35.84,1.79,45.0,53.0,0.849,16.5,16.58,0.995,1.031612490772,299400,382723,16736.0,2.57666916,15.031,34244331613176.0,212528,439567,81518,20318.8883,0.3152723850421668,16736.0,0.5644376510884647,-1.086542429123746,502,49624.16406140261,18739.186576576576,57062.78548571429,85594.17822857143,1542.4610285714286,57062.78548571429,16742.25,28531.392742857144,45650.22838857144,56.648812500000005,293.28445714285715,25639.92628571429,16742.25,18800.985624,25055.341875,34055.186459,46750.954978,63113.789283,85203.615533,117057.328014,161175.521567,216371.369784,294328.588223,28.0,16660.0,43.73320349911752,-75.24812941121127,-77.51180013252215
159.34,159.76,155.14,159.05,2022-12-19,0.0,0.02019844,-0.0072227,0.02019844,0.0,0.0,63.9,36.1,1.77,45.0,53.0,0.849,16.41,15.86,1.035,0.935848990003,1429984,1098837,16679.0,3.41500326,17.792,34606598588473.0,258960,484919,100038,20259.1899,0.3136916279149335,16679.0,0.5296874249453868,-1.105141216973637,501,49651.27366528402,18707.945315315315,56890.85245714286,85336.2786857143,1542.4610285714286,56890.85245714286,16442.72,28445.42622857143,45512.68196571429,56.648812500000005,293.28445714285715,25639.92628571429,16442.72,18823.625867,25085.513646,34096.195889,46807.252718,63189.791232,85306.218164,117198.289049,161369.609957,216631.925298,294683.02022,26.0,16742.5,41.49505215298207,-118.94803658443925,-85.79904742290557
159.05,159.09,153.42,155.09,2022-12-20,0.02019844,0.02025598,0.00616592,0.00616592,0.0,0.0,62.83,37.17,1.69,47.0,51.0,0.922,16.48,15.82,1.042,1.061879885833,1536394,1567224,16788.0,2.68210044,18.427,35364065900457.0,268753,510455,90756,20200.4763,0.3183639191647406,16788.0,0.5370341701988136,-1.0779247557442968,500,49714.958071470464,18679.972792792792,56725.3956,85088.09340000001,1542.4610285714286,56725.3956,16918.05,28362.6978,45380.31648000001,56.648812500000005,293.28445714285715,25639.92628571429,16918.05,18846.288921,25115.715816,34137.246637,46863.607179,63265.869755,85408.924169,117339.392105,161563.893895,216892.743327,295037.809314,29.0,16768.5,47.921598333491126,-113.91225973628752,-91.42168988558197
155.09,160.96,154.6,155.38,2022-12-21,0.00616592,0.02928805,-0.00389284,0.02928805,0.0,0.0,62.12,37.88,1.64,45.0,53.0,0.849,15.95,15.6,1.022,0.98862110378,1281522,1172454,16830.0,2.60938013,18.497,35364065900457.0,272348,515872,88992,20143.1797,0.3205017282384781,16830.0,0.5662697333165451,-1.083340814609688,499,49733.96005880184,18650.17189189189,56572.17331428571,84858.25997142858,1542.4610285714286,56572.17331428571,16833.1,28286.086657142856,45257.738651428575,56.648812500000005,293.28445714285715,25639.92628571429,16833.1,18868.974804,25145.948409,34178.338737,46920.018407,63342.024913,85511.733633,117480.637298,161758.373541,217153.824085,295392.955796,29.0,16414.5,49.77394001893902,-115.4453432913142,-96.22642056672842
155.38,156.7,155.01,155.9,2022-12-22,0.02928805,0.02928805,-0.02974297,0.01827894,0.0,0.0,63.24,36.76,1.72,46.0,52.0,0.885,16.47,15.66,1.052,1.008896355865,1270757,1207860,16779.0,2.4487545,18.42,35364065900457.0,271046,526770,88226,20085.3495,0.3191138589225653,16779.0,0.5336124888977394,-1.0846602641954457,498,49786.37103610872,18621.92261261261,56421.474,84632.211,1542.4610285714286,56421.474,16828.62,28210.737,45137.1792,56.648812500000005,293.28445714285715,25639.92628571429,16828.62,18891.683534,25176.211451,34219.472221,46976.486449,63418.256769,85614.646639,117622.024743,161953.049052,217415.167784,295748.459955,26.0,16865.5,43.6246087052272,-115.68823960033478,-100.1187843734497
155.9,157.85,154.95,155.27,2022-12-23,0.01827894,0.03873843,-0.00689362,-0.00689362,0.0,0.0,64.66,35.34,1.83,46.0,52.0,0.885,16.18,15.5,1.044,0.99769117698,1193940,1243189,16830.0,3.39445638,17.758,35364065900457.0,273794,545379,110257,20023.3375,0.3216825569074974,16830.0,0.5233622652609767,-1.0880333700716331,497,49844.37146093267,18594.583513513517,56279.442514285714,84419.16377142858,1542.4610285714286,56279.442514285714,16791.49,28139.721257142857,45023.554011428576,56.648812500000005,293.28445714285715,25639.92628571429,16791.49,18914.415131,25206.504965,34260.647124,47033.01135,63494.565385,85717.66327,117763.554555,162147.920587,217676.774637,296104.322081,28.0,16806.5,44.32124375517407,-117.52209580141425,-103.59944665904261
155.27,155.27,152.62,153.11,2022-12-24,-0.00689362,0.03421295,-0.01537174,0.03421295,0.0,0.0,63.5,36.5,1.74,46.0,52.0,0.885,16.29,15.11,1.078,1.012632404359,665221,678396,16831.0,2.32171787,15.745,35364065900457.0,213250,458990,84020,19965.4862,0.3222839147164881,16831.0,0.3535073306933361,-1.088274876450825,496,50010.95477598402,18566.502432432437,56137.73702857143,84206.60554285714,1542.4610285714286,56137.73702857143,16843.54,28068.868514285718,44910.18962285714,56.648812500000005,293.28445714285715,25639.92628571429,16843.54,18937.169612,25236.828976,34301.863479,47089.593156,63570.950824,85820.783612,117905.226849,162342.988305,217938.644858,296460.542465,27.0,16783.0,45.598843769413165,-113.46745783016377,-105.57304889326684
153.11,153.62,151.04,151.32,2022-12-25,0.03421295,0.03421295,-0.02432824,-0.02432824,0.0,0.0,62.69,37.31,1.68,46.0,52.0,0.885,16.13,14.99,1.076,0.970681951625,864307,859489,16820.0,2.75460912,16.197,35364065900457.0,205173,416545,86375,19906.23,0.3224517053060016,16820.0,0.5636607387437758,-1.0880270541063304,495,49996.1283818724,18539.97333333333,55994.032571428565,83991.04885714284,1542.4610285714286,55994.032571428565,16842.72,27997.01628571428,44795.226057142856,56.648812500000005,293.28445714285715,25639.92628571429,16842.72,18959.946996,25267.18351,34343.12132,47146.231913,63647.413147,85924.007748,118047.041741,162538.252365,218200.778659,296817.121396,29.0,16804.0,46.89660567773985,-109.06308383183205,-106.2710558809799
151.32,154.02,150.63,151.05,2022-12-26,-0.02432824,0.01718625,-0.02432824,-0.01639577,0.0,0.0,63.37,36.63,1.73,45.0,53.0,0.849,16.35,15.53,1.053,1.030460164449,957821,871844,16850.0,3.44228619,17.12,35364065900457.0,223375,434532,98656,19848.0486,0.3241804612059582,16850.0,0.5172093695164183,-1.0853554171677864,494,50054.33817896817,18522.28036036036,55851.38937142857,83777.08405714286,1542.4610285714286,55851.38937142857,16907.44,27925.694685714287,44681.11149714286,56.648812500000005,293.28445714285715,25639.92628571429,16907.44,18982.747302,25297.56859,34384.42068,47202.927669,63723.952416,86027.335762,118188.999346,162733.712927,218463.176256,297174.059166,29.0,16831.0,44.93787686234213,-99.20663031368895,-104.85817076752171
151.05,154.55,150.13,154.29,2022-12-27,-0.01639577,0.0183989,-0.01639577,0.00183297,0.0,4035.62762,64.03,35.97,1.78,45.0,53.0,0.849,16.18,15.28,1.059,0.966423535526,811117,786529,16807.0,2.5204334,17.283,35364065900457.0,239244,465794,85632,19791.7131,0.323076285476209,16807.0,0.4645457733496491,-1.098910925837469,493,50112.14311418792,18498.40099099099,55702.54971428571,83553.82457142857,1542.4610285714286,55702.54971428571,16699.06,27851.274857142856,44562.03977142857,56.648812500000005,293.28445714285715,25639.92628571429,16699.06,19005.570549,25327.984242,34425.761593,47259.680468,63800.568695,86130.767738,118331.09978,162929.370149,218725.83786,297531.356064,28.0,16811.0,29.131553268872494,-106.9766837645584,-105.28187336692906
154.29,154.82,133.34,134.01,2022-12-28,0.00183297,0.04179217,0.00183297,0.02788602,0.0,376.92916,66.22,33.78,1.96,45.0,53.0,0.849,16.9,15.59,1.084,0.953924483116,709922,650957,16640.0,3.18734169,18.342,35364065900457.0,272781,529941,107117,19737.2079,0.3171993716623116,16640.0,0.6720303354789662,-1.1072055559257272,492,50052.95564588532,18472.881531531533,55545.5872,83318.3808,1542.4610285714286,55545.5872,16541.56,27772.7936,44436.46976000001,56.648812500000005,293.28445714285715,25639.92628571429,16541.56,19028.416754,25358.430491,34467.144092,47316.490356,63877.262045,86234.303761,118473.343159,163125.224191,218988.763687,297889.012382,27.0,16927.5,25.996557582591947,-124.40932753644665,-109.10736420083259
134.01,136.0,133.12,135.65,2022-12-29,0.02788602,0.02788602,0.01418246,0.01965145,0.0,41.46075,65.4,34.6,1.89,47.0,51.0,0.922,17.04,15.56,1.095,1.007856842348,817258,824211,16591.0,2.42980245,17.636,35364065900457.0,265814,540607,96225,19686.9095,0.3157783796739919,16591.0,0.5603930445463873,-1.099852621799414,491,49995.742934899085,18430.193153153155,55396.85914285714,83095.2887142857,1542.4610285714286,55396.85914285714,16644.59,27698.42957142857,44317.48731428571,56.648812500000005,293.28445714285715,25639.92628571429,16644.59,19051.285936,25388.90736,34508.568211,47373.357382,63954.032529,86337.943914,118615.729598,163321.275211,219251.95395,298247.02841,28.0,16691.5,34.87662757450711,-128.4306942803887,-112.97203021674383
135.65,139.88,134.06,138.36,2022-12-30,0.01965145,0.0218126,-0.00082761,0.0218126,0.0,0.0,66.1,33.9,1.95,47.0,51.0,0.922,16.95,15.5,1.094,0.989736399506,958707,938735,16550.0,2.0216324,17.001,35364065900457.0,290857,585013,97462,19649.3485,0.3144605493499868,16550.0,0.6330981792200884,-1.1015878875183525,490,49975.877133905946,18384.15828828829,55245.36274285715,82868.04411428573,1542.4610285714286,55245.36274285715,16609.13,27622.68137142857,44196.29019428572,56.648812500000005,293.28445714285715,25639.92628571429,16609.13,19074.178115,25419.414876,34550.033985,47430.281589,64030.880209,86441.688283,118758.259214,163517.52337,219515.408862,298605.40444,28.0,16544.5,48.0371944041067,-132.94645803384265,-116.9669157801636
138.36,139.99,137.94,139.89,2022-12-31,0.0218126,0.03013939,0.01179871,0.01179871,0.0,0.0,67.32,32.68,2.06,47.0,51.0,0.922,13.19,11.16,1.182,0.962676819808,734502,699294,16570.0,1.09912081,14.746,35364065900457.0,242169,499947,77382,19620.8094,0.3153189273827589,16570.0,0.6255972929825949,-1.1066626774227188,489,50026.51616632258,18337.03936936937,55093.37302857143,82640.05954285714,1542.4610285714286,55093.37302857143,16541.8,27546.686514285717,44074.698422857145,56.648812500000005,293.28445714285715,25639.92628571429,16541.8,19097.093308,25449.953062,34591.541446,47487.263025,64107.805148,86545.53695,118900.932121,163713.968827,219779.128639,298964.140763,28.0,16604.0,42.59401099271437,-140.3404443588115,-121.64162149589319
139.89,141.09,139.48,140.45,2023-01-01,0.01179871,0.03933597,0.01179871,0.02304347,0.0,0.0,67.11,32.89,2.04,47.0,51.0,0.922,13.28,11.07,1.2,0.995819487597,810053,814118,16559.0,1.7656385,16.154,35364065900457.0,187361,403419,72018,19596.0097,0.3149388393365419,16559.0,0.6212855612073649,-1.1034580457677787,488,50040.42719448496,18285.19711711712,54941.655942857135,82412.4839142857,1542.4610285714286,54941.655942857135,16599.51,27470.827971428567,43953.32475428571,56.648812500000005,293.28445714285715,25639.92628571429,16599.51,19120.031534,25480.521944,34633.090628,47544.301737,64184.807409,86649.490002,119043.748437,163910.611741,220043.113495,299323.237671,25.0,16583.0,45.67039953409923,-139.93048556089343,-125.29939430889324
140.45,141.58,136.75,137.15,2023-01-02,0.02304347,0.02304347,0.00080966,0.00881198,0.0,0.0,66.78,33.22,2.01,47.0,51.0,0.922,13.05,11.11,1.175,0.984184443305,798409,815214,16691.0,2.89478337,17.713,35364065900457.0,229191,453183,91611,19571.5102,0.3200146354751652,16691.0,0.6295394737613351,-1.097841625432034,487,50000.70144554898,18253.68135135135,54794.9288,82192.39319999999,1542.4610285714286,54794.9288,16679.75,27397.4644,43835.94304,56.648812500000005,293.28445714285715,25639.92628571429,16679.75,19142.992813,25511.121546,34674.681565,47601.397769,64261.887053,86753.547521,119186.708276,164107.452273,220307.363643,299682.695455,26.0,16520.5,58.292807512262726,-131.61373168149294,-126.56226178341319
137.15,138.44,135.73,135.82,2023-01-03,0.00881198,0.01470599,-0.01332532,0.01470599,0.0,0.0,65.75,34.25,1.92,44.0,54.0,0.815,12.34,11.26,1.096,0.994302702592,908071,858543,16692.0,4.83067816,17.479,34209069922954.0,271901,504603,131023,19550.5661,0.3200300691840201,16692.0,0.6261639091098317,-1.098208630394527,486,49986.33852795199,18221.54477477477,54648.36788571429,81972.55182857144,1542.4610285714286,54648.36788571429,16668.84,27324.183942857144,43718.69430857143,56.648812500000005,293.28445714285715,25639.92628571429,16668.84,19165.977162,25541.751893,34716.314291,47658.55117,64339.044143,86857.709594,119329.811756,164304.490582,220571.879299,300042.514407,27.0,16601.5,37.08368317940101,-124.46819822404723,-126.14344907154
135.82,138.14,135.6,137.97,2023-01-04,0.01470599,0.02041683,0.00205717,0.02041683,6773.31832,0.0,65.4,34.6,1.89,44.0,54.0,0.815,12.57,11.69,1.075,0.998426104783,396256,416896,16829.0,6.00727998,17.36,34093570325204.0,277793,522110,157252,19536.9761,0.3251596505967065,16829.0,0.582792143686846,-1.087411488851652,485,50011.10671474777,18196.66108108108,54506.11725714285,81759.17588571428,1542.4610285714286,54506.11725714285,16858.14,27253.058628571427,43604.89380571429,56.648812500000005,293.28445714285715,25639.92628571429,16858.14,19188.9846,25572.41301,34757.98884,47715.761984,64416.278743,86961.976303,119473.058992,164501.726828,220836.660677,300402.69482,26.0,16682.5,51.171122294352095,-102.35055009386997,-121.384869276006
137.97,141.28,137.97,138.87,2023-01-05,0.02041683,0.02041683,-0.01461893,-0.01461893,0.0,0.0,65.03,34.97,1.86,42.0,56.0,0.75,12.51,12.47,1.003,0.998919267787,699889,720578,16833.0,3.38960923,16.771,34093570325204.0,279234,542545,103073,19523.8032,0.3251622342989723,16833.0,0.6489558084264453,-1.0881148771209546,484,49985.55727609007,18169.55135135135,54369.72685714285,81554.59028571428,1542.4610285714286,54369.72685714285,16837.68,27184.863428571425,43495.78148571428,56.648812500000005,293.28445714285715,25639.92628571429,16837.68,19212.015146,25603.104923,34799.705245,47773.030259,64493.590914,87066.347734,119616.4501,164699.161171,221101.707993,300763.236985,29.0,16656.0,50.41749612917502,-85.48765711331725,-114.20542684346826
138.87,142.08,136.9,141.15,2023-01-06,-0.01461893,-0.00777656,-0.02051147,-0.00777656,2469.4359,0.0,63.64,36.36,1.75,42.0,56.0,0.75,13.03,11.55,1.128,1.028731988897,1034575,984510,16830.0,4.86748304,16.402,34093570325204.0,275891,544449,136519,19505.5508,0.3249792896209721,16830.0,0.7447946910500207,-1.0789123781104042,483,49879.15257251312,18141.08441441441,54257.2364,81385.85459999999,1542.4610285714286,54257.2364,16957.17,27128.6182,43405.78912,56.648812500000005,293.28445714285715,25639.92628571429,16957.17,19235.068818,25633.827655,34841.463541,47830.356041,64570.98072,87170.823972,119759.985197,164896.793772,221367.02146,301124.141195,29.0,16859.5,57.096111015932756,-61.76980469706177,-103.71830241418698
141.15,141.38,140.25,141.01,2023-01-07,-0.00777656,-0.00199655,-0.04318049,-0.00199655,0.0,0.0,63.5,36.5,1.74,42.0,56.0,0.75,13.19,11.36,1.161,0.968906941883,377283,406530,16938.0,2.83554723,14.736,34093570325204.0,245394,492639,89381,19484.5972,0.3291416105961962,16938.0,0.6432235951022113,-1.0784698125319352,482,49856.40641982372,18118.76675675676,54152.738914285714,81229.10837142856,1542.4610285714286,54152.738914285714,16956.94,27076.369457142857,43322.191131428575,56.648812500000005,293.28445714285715,25639.92628571429,16956.94,19258.145636,25664.581232,34883.263761,47887.739377,64648.448223,87275.405101,119903.6644,165094.62479,221632.601295,301485.407743,26.0,16820.0,55.08255795191734,-42.501859872962086,-91.475013905942
141.01,141.44,138.15,138.27,2023-01-08,-0.00199655,-0.00199655,-0.04940335,-0.04940335,0.0,0.0,61.24,38.76,1.58,43.0,55.0,0.782,13.43,11.36,1.182,1.095932668567,697852,680103,16947.0,3.40267427,14.53,34093570325204.0,228335,457146,95146,19466.9694,0.329413708331241,16947.0,0.6405089419913158,-1.070518275646414,481,49828.02149778075,18096.54846846847,54042.86222857143,81064.29334285714,1542.4610285714286,54042.86222857143,17082.58,27021.431114285715,43234.28978285714,56.648812500000005,293.28445714285715,25639.92628571429,17082.58,19281.245617,25695.365678,34925.105938,47945.180312,64725.993486,87380.091206,120047.487824,165292.654386,221898.447712,301847.036921,25.0,16938.5,59.668655272492806,-16.8989759239048,-76.55980630953457
138.27,147.44,132.68,145.42,2023-01-09,-0.04940335,-0.00547731,-0.04940335,-0.00547731,3030.09536,0.0,60.94,39.06,1.56,42.0,56.0,0.75,12.25,12.06,1.016,0.967770118447,950480,7122496,17237.0,5.22866271,18.1,34093570325204.0,287195,527582,123935,19450.0452,0.340691730119199,17237.0,0.6424604880163729,-1.0635067886973868,480,49805.23995564503,18081.30765765766,53932.758857142864,80899.13828571429,1542.4610285714286,53932.758857142864,17194.91,26966.379428571432,43146.2070857143,56.648812500000005,293.28445714285715,25639.92628571429,17194.91,19304.368782,25726.181019,34966.990108,48002.678894,64803.616572,87484.882372,120191.455586,165490.88272,222164.560927,302209.029022,25.0,16939.5,61.159463047647236,12.313642280329077,-58.78511659156184
145.42,182.86,144.98,179.49,2023-01-10,-0.00547731,-0.00547731,-0.01847663,-0.00873939,0.0,0.0,60.32,39.68,1.52,41.0,57.0,0.719,12.88,11.91,1.081,0.999482110413,1232153,11159977,17287.0,6.63805349,16.943,34093570325204.0,302640,560675,167224,19430.7402,0.3426205018038782,17287.0,0.7205047367448968,-1.0482427852056837,479,49780.26081875369,18072.036756756755,53821.4196,80732.1294,1542.4610285714286,53821.4196,17450.63,26910.7098,43057.13568000001,56.648812500000005,293.28445714285715,25639.92628571429,17450.63,19327.515147,25757.02728,35008.916303,48060.235169,64881.317543,87589.778683,120335.567803,165689.309953,222430.941155,302571.384341,25.0,17129.5,78.14131126670912,55.46001104683455,-35.936091063882564
179.49,188.37,178.78,181.07,2023-01-11,-0.00873939,-0.00126995,-0.02234799,-0.00719916,53665.5652,0.0,56.9,43.1,1.32,43.0,55.0,0.782,11.4,11.67,0.977,1.07330497043,2737225,8844506,17453.0,7.3564864,17.217,34093570325204.0,287347,543162,175262,19411.598,0.3491781009383676,17453.0,0.6377863494292917,-1.0172011483167689,478,49762.945375668205,18058.95072072072,53712.42851428572,80568.64277142858,1542.4610285714286,53712.42851428572,17994.56,26856.21425714286,42969.94281142858,56.648812500000005,293.28445714285715,25639.92628571429,17994.56,19350.684733,25787.904485,35050.884559,48117.849184,64959.096463,87694.780225,120479.824591,165887.936246,222697.588612,302934.103168,26.0,17177.5,92.1947054792134,132.02255055282149,-2.3443627405417544
181.07,203.98,174.93,181.12,2023-01-12,-0.00719916,0.03203251,-0.00719916,0.00164395,142033.62088,990.9845,55.56,44.44,1.25,43.0,55.0,0.782,11.11,12.19,0.911,1.045569632386,4380970,10656631,18335.0,7.89396601,21.005,34093570325204.0,315829,583150,151541,19396.773,0.3852168120293803,18335.0,0.6770486420552199,-0.9717888830503832,477,49846.81657047369,18054.86099099099,53606.68742857143,80410.03114285714,1542.4610285714286,53606.68742857143,18862.31,26803.343714285715,42885.349942857145,56.648812500000005,293.28445714285715,25639.92628571429,18862.31,19373.877558,25818.81266,35092.894908,48175.520984,65036.953394,87799.887082,120624.226067,166086.761759,222964.503514,303297.1858,26.0,17448.0,94.59521415644483,259.7251379087611,50.06953738931882
181.12,197.06,178.74,196.92,2023-01-13,0.00164395,0.01477573,-0.00771882,0.00018111,13319.87499,0.0,53.49,46.51,1.15,43.0,55.0,0.782,10.46,12.0,0.872,1.078466113832,3432015,9744757,19065.0,10.74033407,21.811,34093570325204.0,316390,606536,202833,19387.1879,0.4162330504678904,19065.0,0.7497949880354349,-0.914116505541104,476,49852.36675344179,18064.1472972973,53503.71228571429,80255.56842857144,1542.4610285714286,53503.71228571429,19984.35,26751.856142857145,42802.96982857143,56.648812500000005,293.28445714285715,25639.92628571429,19984.35,19397.09364,25849.751829,35134.947384,48233.250618,65114.8884,87905.09934,120768.772348,166285.786652,223231.686077,303660.632528,30.0,17919.0,97.23124027449707,446.32465634536857,129.32056118052878
196.92,199.64,162.18,165.5,2023-01-14,0.00018111,0.08340096,0.00018111,0.01569528,482570.78254,20705.4,49.24,50.76,0.97,45.0,53.0,0.849,10.03,12.38,0.81,1.051657803428,12557646,3184220,20810.0,16.38206745,27.402,34093570325204.0,309709,585257,274264,19387.7016,0.4953367674782635,20810.0,0.8563268469208815,-0.8675291839156358,475,49844.28347697768,18083.463783783784,53404.74085714286,80107.11128571429,1542.4610285714286,53404.74085714286,20934.0,26702.37042857143,42723.79268571429,56.648812500000005,293.28445714285715,25639.92628571429,20934.0,19420.332999,25880.722018,35177.042023,48291.038132,65192.901543,88010.417083,120913.463551,166485.011088,223499.136516,304024.443647,31.0,18850.5,99.29074830542716,663.1900949342125,236.09446793126557
165.5,170.59,163.55,167.94,2023-01-15,0.01569528,0.03790845,0.00684424,0.01863181,4647.495,0.0,53.7,46.3,1.16,46.0,52.0,0.885,9.88,10.85,0.911,1.008321912884,6094077,5275208,20778.0,11.66498973,21.156,34586995580399.0,251923,485873,157051,19390.754,0.4931744722727271,20778.0,0.8572579756392021,-0.8687499106555876,474,49883.7115202966,18098.89873873873,53308.10657142857,79962.15985714286,1542.4610285714286,53308.10657142857,20925.0,26654.05328571429,42646.485257142864,56.648812500000005,293.28445714285715,25639.92628571429,20925.0,19443.595652,25911.723252,35219.178857,48348.883572,65270.992887,88115.840397,121058.299793,166684.435227,223766.855048,304388.619451,46.0,20221.5,99.0786735622429,824.8232437438855,353.8402230937896
167.94,169.59,157.94,159.0,2023-01-16,0.01863181,0.02587318,-0.0287556,-0.0287556,13292.98064,2.0623,54.34,45.66,1.19,45.0,53.0,0.849,9.89,10.7,0.924,1.012627741824,4518278,7960584,21036.0,9.52101368,24.974,37590453655497.0,302657,541090,132988,19398.8855,0.5047106965175003,21036.0,0.7751644118220583,-0.8591835171451017,473,49928.25066104822,18116.355495495496,53208.84371428572,79813.26557142858,1542.4610285714286,53208.84371428572,21145.0,26604.421857142857,42567.07497142858,56.648812500000005,293.28445714285715,25639.92628571429,21145.0,19466.88162,25942.755555,35261.357921,48406.786984,65349.162494,88221.369367,121203.281191,166884.059229,224034.841889,304753.160235,52.0,20907.0,99.10699556797064,959.6090641076626,474.99399129656416
159.0,160.48,154.04,154.65,2023-01-17,-0.0287556,0.01946802,-0.0287556,0.01149972,8137.8808,0.0,50.98,49.02,1.04,45.0,53.0,0.849,9.65,10.64,0.907,0.98599288491,5115093,6717040,21194.0,8.74841273,23.001,37590453655497.0,308559,552147,122528,19406.8578,0.5115273539075936,21194.0,0.8333716075539583,-0.8575029998416426,472,49877.417575938896,18131.623063063063,53108.506571428574,79662.75985714287,1542.4610285714286,53108.506571428574,21159.0,26554.253285714287,42486.80525714286,56.648812500000005,293.28445714285715,25639.92628571429,21159.0,19490.190921,25973.818953,35303.579249,48464.748417,65427.410428,88327.004078,121348.407861,167083.883257,224303.097256,305118.066292,45.0,20832.0,99.34740655099199,1055.3915836051237,591.073509758276
154.65,169.85,153.98,156.15,2023-01-18,0.01149972,0.01149972,-0.01739953,-0.0098587,0.0,1136.5108,49.75,50.25,0.99,46.0,52.0,0.885,9.71,10.66,0.911,1.010422006155,6286575,6553337,21126.0,8.84077156,23.049,37590453655497.0,299905,551690,124969,19416.0298,0.5074318280773643,21126.0,0.7498451488194777,-0.87955977579362,471,49975.23296116649,18142.20162162162,53015.28371428572,79522.92557142858,1542.4610285714286,53015.28371428572,20738.0,26507.64185714286,42412.22697142858,56.648812500000005,293.28445714285715,25639.92628571429,20738.0,19513.523573,26004.91347,35345.842874,48522.767916,65505.736752,88432.744616,121493.679921,167283.907472,224571.621365,305483.337917,51.0,21265.5,90.57378420660751,1084.823568013613,689.8235214093435
156.15,157.35,151.18,154.04,2023-01-19,-0.0098587,0.0132469,-0.0098587,0.0008129,535.194,0.0,53.27,46.73,1.14,48.0,50.0,0.96,10.31,11.54,0.893,1.037558218317,6451534,4935199,20848.0,7.47795512,20.208,37590453655497.0,298774,550530,114059,19424.2588,0.4933934497320523,20848.0,0.7634568786006701,-0.8644214753854804,470,50048.04092232237,18156.948828828827,52922.61514285715,79383.92271428573,1542.4610285714286,52922.61514285715,21085.0,26461.307571428573,42338.09211428572,56.648812500000005,293.28445714285715,25639.92628571429,21085.0,19536.879596,26036.039132,35388.148832,48580.845529,65584.14153,88538.591065,121639.097489,167484.132034,224840.414433,305848.975405,52.0,21149.5,91.57696690147188,1123.2010649944677,776.4990301263683
154.04,173.11,152.83,170.47,2023-01-20,0.0008129,0.00646244,-0.01235635,0.00646244,3915.64329,123.6169,50.74,49.26,1.03,48.0,50.0,0.96,10.4,11.85,0.878,1.103609836609,6966243,4688038,21297.0,9.20528465,21.784,37590453655497.0,295690,566783,135671,19432.842,0.5140615605076287,21297.0,0.7087448291352123,-0.7928963540901464,469,50058.31608881266,18187.005945945948,52814.158,79221.23700000001,1542.4610285714286,52814.158,22653.0,26407.079,42251.326400000005,56.648812500000005,293.28445714285715,25639.92628571429,22653.0,19560.259007,26067.195965,35430.497156,48638.981302,65662.624823,88644.543511,121784.660681,167684.557107,225109.476676,306214.979051,45.0,20725.5,93.43790466864645,1265.5515134553134,874.3095267921574
170.47,181.17,169.84,176.14,2023-01-21,0.00646244,0.02153949,-0.0136261,-0.0136261,3737.5438,249.5772,50.25,49.75,1.01,47.0,51.0,0.922,9.3,11.28,0.824,1.010400056046,6074197,6129242,22884.0,11.60903239,24.375,37590453655497.0,287722,539186,134571,19445.9544,0.5924542910127445,22884.0,0.7973578423438751,-0.7839770697937851,468,50051.85007154699,18221.095855855856,52707.638,79061.457,1542.4610285714286,52707.638,22853.0,26353.819,42166.110400000005,56.648812500000005,293.28445714285715,25639.92628571429,22853.0,19583.661827,26098.383992,35472.88788,48697.175282,65741.186696,88750.60204,121930.369615,167885.18285,225378.808312,306581.34915,51.0,21033.5,93.63534367663993,1378.611819076148,975.1699852489556
176.14,178.49,171.53,173.4,2023-01-22,-0.0136261,0.0201537,-0.0136261,-0.00297359,0.0,0.0,49.75,50.25,0.99,49.0,49.0,1.0,10.25,10.52,0.974,1.000478892421,7739395,3078071,22805.0,10.49101204,22.379,37590453655497.0,250609,482285,109526,19457.9011,0.5873407570168087,22805.0,0.8810727061146145,-0.7890471587410133,467,50028.89826311688,18249.074324324323,52595.48942857143,78893.23414285715,1542.4610285714286,52595.48942857143,22727.0,26297.74471428572,42076.39154285715,56.648812500000005,293.28445714285715,25639.92628571429,22727.0,19607.088074,26129.60324,35515.321039,48755.427516,65819.827213,88856.766737,122076.224409,168086.009426,225648.409557,306948.085997,53.0,22526.5,91.77078985616643,1441.4298725502922,1068.421962709223
173.4,195.13,164.94,165.35,2023-01-23,-0.00297359,0.00898925,-0.00470679,-0.00470679,14891.73576,0.0,52.61,47.39,1.11,48.0,50.0,0.96,10.61,10.16,1.044,1.025400558209,7879497,4460835,22832.0,12.40082004,22.854,37590453655497.0,293551,515756,160357,19467.1261,0.5877841696935913,22832.0,0.9177191140191006,-0.7775051662094388,466,50011.85005322007,18272.82207207207,52475.518,78713.277,1542.4610285714286,52475.518,22983.0,26237.759,41980.41440000001,56.648812500000005,293.28445714285715,25639.92628571429,22983.0,19630.537767,26160.853733,35557.796667,48813.738051,65898.546435,88963.037687,122222.225179,168287.036997,225918.28063,307315.189888,53.0,22845.0,91.9421340881061,1494.641397379888,1153.665849643356
165.35,166.48,154.48,160.6,2023-01-24,-0.00470679,0.00943083,-0.00470679,0.00943083,0.0,0.0,51.22,48.78,1.05,46.0,52.0,0.885,10.38,10.05,1.033,0.978757222461,5268264,6107961,22965.0,9.98900234,22.147,37590453655497.0,292841,525625,106272,19472.4044,0.5938148751696234,22965.0,0.7590359846636511,-0.7930028466123336,465,50081.32739166094,18295.452702702703,52352.63228571429,78528.94842857143,1542.4610285714286,52352.63228571429,22661.0,26176.316142857144,41882.10582857143,56.648812500000005,293.28445714285715,25639.92628571429,22661.0,19654.010925,26192.135496,35600.314797,48872.106934,65977.344427,89069.414977,122368.372044,168488.265724,226188.421747,307682.661118,50.0,22702.0,87.3965924864743,1493.611778401595,1221.655035395004
160.6,178.57,160.19,178.29,2023-01-25,0.00943083,0.00951178,0.00114332,0.00387644,69847.59461,0.0,51.92,48.08,1.08,45.0,53.0,0.849,10.4,10.86,0.958,1.044475722094,5037266,4665213,22705.0,9.48815978,20.979,37590453655497.0,306506,552139,111179,19477.1949,0.5796427202975238,22705.0,1.0163975674937922,-0.7706201739018308,464,49960.45081691978,18323.263513513517,52230.895142857145,78346.34271428571,1542.4610285714286,52230.895142857145,23118.0,26115.447571428573,41784.71611428572,56.648812500000005,293.28445714285715,25639.92628571429,23118.0,19677.507566,26223.448556,35642.875464,48930.534212,66056.221253,89175.898691,122514.66512,168689.69577,226458.833125,308050.499984,52.0,22948.5,87.23733327131278,1512.2397204738518,1279.7719724107737
178.29,178.82,168.41,168.87,2023-01-26,0.00387644,0.00859575,-0.00695195,0.00859575,0.0,0.0,56.33,43.67,1.29,44.0,54.0,0.815,9.56,10.83,0.883,1.000298280361,2960395,4012215,23068.0,9.93558796,20.738,37590453655497.0,296108,540294,110681,19485.7242,0.5973835312478526,23068.0,0.9191790777539232,-0.7730589542946049,463,49898.29952469399,18354.724684684683,52114.88942857144,78172.33414285714,1542.4610285714286,52114.88942857144,23033.0,26057.44471428572,41691.91154285715,56.648812500000005,293.28445714285715,25639.92628571429,23033.0,19701.02771,26254.792936,35685.478703,48989.019932,66135.176975,89282.488916,122661.104527,168891.327297,226729.514983,308418.706781,51.0,22570.5,84.20454377703311,1502.8201341148051,1324.38160475158
168.87,193.32,167.41,174.01,2023-01-27,0.00859575,0.00867603,-0.0108613,0.00867603,0.0,130.59042,55.95,44.05,1.27,46.0,52.0,0.885,9.99,10.91,0.916,1.017755414096,3138587,3908244,22997.0,11.73439717,19.149,37590453655497.0,303025,568503,165964,19497.0685,0.5926921675372392,22997.0,0.9107287819867912,-0.7710415889507996,462,49903.67672710537,18387.732702702702,52004.28942857143,78006.43414285715,1542.4610285714286,52004.28942857143,23082.0,26002.144714285718,41603.43154285714,56.648812500000005,293.28445714285715,25639.92628571429,23082.0,19724.571375,26286.168662,35728.124548,49047.564141,66214.211657,89389.185737,122807.690381,169093.160466,227000.467538,308787.281806,54.0,23096.5,80.83067092651757,1482.2227928464417,1355.9498423705525
174.01,175.48,166.95,167.54,2023-01-28,0.00867603,0.00867603,-0.00475794,-0.00125031,0.0,0.0,53.49,46.51,1.15,45.0,53.0,0.849,9.81,10.79,0.909,0.999908169704,2114115,1500064,23024.0,9.94322642,17.823,37590453655497.0,268681,518423,118418,19511.9825,0.5929561966377815,23024.0,0.9969520547770704,-0.7724739012553758,461,49856.12421550998,18420.02,51894.255142857146,77841.38271428572,1542.4610285714286,51894.255142857146,23027.0,25947.127571428573,41515.40411428572,56.648812500000005,293.28445714285715,25639.92628571429,23027.0,19748.13858,26317.57576,35770.813032,49106.166886,66293.325363,89495.98924,122954.422801,169295.195441,227271.691008,309156.225355,55.0,22967.0,75.34511988374909,1444.8063825325225,1373.7211504029465
167.54,170.13,162.7,169.32,2023-01-29,-0.00125031,0.00933488,-0.00125031,0.00312464,0.0,12794.95048,54.13,45.87,1.18,46.0,52.0,0.885,9.37,10.85,0.864,1.066282649917,3412373,2985846,23431.0,11.06797283,19.903,38858880377385.0,258422,494913,135946,19529.3927,0.6128607124951052,23431.0,0.9544504010937954,-0.7402790684908016,460,49819.61677641967,18461.64441441441,51789.06085714286,77683.5912857143,1542.4610285714286,51789.06085714286,23763.0,25894.53042857143,41431.24868571429,56.648812500000005,293.28445714285715,25639.92628571429,23763.0,19771.729345,26349.014255,35813.544191,49164.828215,66372.518156,89602.899511,123101.301905,169497.432383,227543.185611,309525.537724,52.0,23074.5,79.22158154859967,1457.7387518588548,1390.5246706941282
169.32,174.64,161.32,164.71,2023-01-30,0.00312464,0.02518209,-0.00809341,-0.00809341,0.0,0.0,49.75,50.25,0.99,46.0,52.0,0.885,9.08,10.54,0.861,0.956755052536,4120791,3576468,23286.0,11.80967537,20.993,39350942467773.0,309771,532312,170576,19543.4108,0.6041778651151404,23286.0,0.8456241490504844,-0.7801423345028198,459,49838.46418897948,18495.697477477475,51676.07228571429,77514.10842857143,1542.4610285714286,51676.07228571429,22843.0,25838.036142857145,41340.85782857143,56.648812500000005,293.28445714285715,25639.92628571429,22843.0,19795.343689,26380.484171,35856.318058,49223.548173,66451.790101,89709.916636,123248.32781,169699.871456,227814.951565,309895.219211,55.0,22973.0,65.28077753779698,1377.8682292300946,1387.9933824013215
164.71,173.41,164.19,172.84,2023-01-31,-0.00809341,0.00896984,-0.00809341,-0.00793771,0.0,0.0,55.16,44.84,1.23,47.0,51.0,0.922,9.43,10.6,0.89,1.052867678769,2236292,2450633,22963.0,8.75828752,20.688,39350942467773.0,313385,566974,112736,19553.1698,0.5865730062484199,22963.0,0.6787391778396403,-0.772705975502479,458,49952.15499995803,18530.95072072072,51553.91228571429,77330.86842857143,1542.4610285714286,51553.91228571429,23066.0,25776.956142857143,41243.12982857143,56.648812500000005,293.28445714285715,25639.92628571429,23066.0,19818.981629,26411.985534,35899.134668,49282.32681,66531.141259,89817.0407,123395.500634,169902.512821,228086.989088,310265.270111,61.0,23715.0,66.53946227233305,1317.3785806835695,1373.870422057771
172.84,186.89,172.29,178.36,2023-02-01,-0.00793771,0.00953356,-0.00793771,0.00493351,0.0,0.0,52.15,47.85,1.09,45.0,53.0,0.849,9.29,10.19,0.912,1.03897973763,3063480,2697584,23164.0,11.06492341,19.779,39350942467773.0,345424,592707,173262,19563.3869,0.5958977786405955,23164.0,0.8180835166730778,-0.7437236136601779,457,50002.03736112416,18570.31144144144,51438.66085714286,77157.99128571429,1542.4610285714286,51438.66085714286,23768.0,25719.33042857143,41150.92868571429,56.648812500000005,293.28445714285715,25639.92628571429,23768.0,19842.643186,26443.51837,35941.994056,49341.16417,66610.571697,89924.27179,123542.820496,170105.356642,228359.2984,310635.690723,51.0,22786.0,75.05788951372809,1310.9735445780789,1361.2910465618327
178.36,182.12,164.22,166.05,2023-02-02,0.00493351,0.01608156,0.00493351,0.01608156,76561.5811,0.0,50.49,49.51,1.02,47.0,51.0,0.922,9.43,10.23,0.922,1.013030972767,3359073,4243192,23817.0,9.60761693,22.199,39350942467773.0,340024,601727,111930,19574.6698,0.6288906908868894,23817.0,0.893777150908925,-0.7523032664116904,456,50012.75052206102,18609.71981981982,51341.518,77012.277,1542.4610285714286,51341.518,23570.0,25670.759,41073.2144,56.648812500000005,293.28445714285715,25639.92628571429,23570.0,19866.328378,26475.082704,35984.896255,49400.060303,66690.081476,90031.609993,123690.287515,170308.40308,228631.879718,311006.481344,56.0,23055.5,71.0700356113278,1275.220612648387,1344.0769597791436
166.05,167.9,158.62,160.12,2023-02-03,0.01608156,0.02210233,-0.00714151,-0.00714151,0.0,0.0,55.56,44.44,1.25,45.0,53.0,0.849,9.18,9.89,0.928,0.995436947437,3041859,2659346,23477.0,8.62080158,20.549,39350942467773.0,315818,596918,102759,19581.8977,0.6101446616962533,23477.0,0.8143175410331894,-0.7598504786624769,455,50008.941110834574,18648.499459459457,51246.28942857143,76869.43414285715,1542.4610285714286,51246.28942857143,23391.0,25623.144714285718,40997.03154285715,56.648812500000005,293.28445714285715,25639.92628571429,23391.0,19890.037224,26506.678561,36027.8413,49459.015255,66769.670661,90139.055393,123837.901807,170511.6523,228904.733261,311377.64227,60.0,23721.0,58.185448092280396,1218.397425379837,1318.9410528992823
160.12,162.19,158.77,161.9,2023-02-04,-0.00714151,0.011484,-0.00714151,0.011484,0.0,0.0,56.9,43.1,1.32,44.0,54.0,0.815,9.51,10.63,0.895,1.013080458863,1845178,961088,23390.0,7.4395154,17.204,39350942467773.0,304359,543889,88185,19585.6354,0.604828383697763,23390.0,0.8273440446410475,-0.761169677767958,454,49965.776677616246,18685.0909009009,51150.06085714286,76725.0912857143,1542.4610285714286,51150.06085714286,23340.0,25575.03042857143,40920.04868571429,56.648812500000005,293.28445714285715,25639.92628571429,23340.0,19913.769744,26538.305966,36070.829226,49518.029073,66849.339316,90246.608077,123985.663493,170715.104464,229177.859248,311749.173801,60.0,23550.5,55.58614361091994,1155.924587202142,1286.3377597598542
161.9,168.95,158.84,159.51,2023-02-05,0.011484,0.01591214,-0.01300384,0.01591214,114856.0,0.0,57.63,42.37,1.36,45.0,53.0,0.849,10.21,11.05,0.924,0.942374447165,1091456,2555786,23196.0,8.0911228,17.453,39350942467773.0,253961,463233,90480,19584.0774,0.5942094526659556,23196.0,0.9235882349869128,-0.7770023598708722,453,49982.36021322751,18716.06009009009,51061.76371428571,76592.64557142857,1542.4610285714286,51061.76371428571,22981.0,25530.881857142856,40849.41097142857,56.648812500000005,293.28445714285715,25639.92628571429,22981.0,19937.525955,26569.964945,36113.860067,49577.101806,66929.087505,90354.268131,124133.572689,170918.759735,229451.257898,312121.076233,58.0,23409.0,52.76567944250872,1065.1675249580585,1242.103712799495
159.51,166.91,157.68,157.71,2023-02-06,0.01591214,0.01713037,-0.0095309,0.00548003,0.0,50.0687,58.33,41.67,1.4,44.0,54.0,0.815,10.96,10.4,1.054,0.975640608095,605390,597616,22908.0,7.32977483,18.167,39350942467773.0,301829,497251,87412,19583.9578,0.5788919908988429,22908.0,0.88739541190433,-0.7827588691912357,452,49953.72651882582,18747.59864864865,50980.215142857145,76470.32271428572,1542.4610285714286,50980.215142857145,22836.0,25490.107571428573,40784.17211428572,56.648812500000005,293.28445714285715,25639.92628571429,22836.0,19961.305879,26601.655523,36156.933857,49636.233499,67008.91529,90462.035642,124281.629515,171122.618277,229724.92943,312493.349864,58.0,23316.5,48.35974112921223,970.3559516903806,1187.7541605776723
157.71,161.37,154.08,154.4,2023-02-07,0.00548003,0.01165522,0.00146671,0.0064189,0.0,0.0,58.51,41.49,1.41,44.0,54.0,0.815,10.25,9.99,1.026,1.049890934189,2732111,2382269,22983.0,6.75485691,18.028,39350942467773.0,300287,517317,77878,19583.2701,0.5820484780501421,22983.0,0.8475729607364473,-0.764836912596639,451,49992.49830349326,18784.874864864865,50894.11228571429,76341.16842857143,1542.4610285714286,50894.11228571429,23267.0,25447.056142857145,40715.28982857143,56.648812500000005,293.28445714285715,25639.92628571429,23267.0,19985.109532,26633.377725,36200.050632,49695.424201,67088.822738,90569.910696,124429.834089,171326.680252,229998.874063,312865.994994,56.0,23013.5,56.60130718954249,919.3969589400294,1134.082720250144
154.4,154.89,148.77,149.27,2023-02-08,0.0064189,0.01535013,0.0064189,0.00880046,233.828,0.0,56.9,43.1,1.32,44.0,54.0,0.815,9.91,10.18,0.973,0.973311978453,3782038,1493524,23100.0,6.98392005,17.763,39350942467773.0,316825,509702,81465,19585.7949,0.5872473546559,23100.0,0.8413899390839137,-0.7781544643528733,450,50002.96164921614,18820.02045045045,50811.638,76217.457,1542.4610285714286,50811.638,22964.0,25405.819,40649.3104,56.648812500000005,293.28445714285715,25639.92628571429,22964.0,20008.936935,26665.131578,36243.210425,49754.673958,67168.809911,90677.893379,124578.186531,171530.945824,230273.092016,313239.011919,54.0,22804.5,48.26420198376916,844.8234237773322,1076.2308609555816
149.27,150.27,137.22,144.42,2023-02-09,0.00880046,0.00880046,-0.00334346,0.00312574,0.0,0.0,60.16,39.84,1.51,44.0,54.0,0.815,5.01,3.06,1.637,0.931915857083,4994953,3118396,22541.0,6.63658419,18.498,39350942467773.0,369337,586959,95053,19585.3441,0.5585485564265642,22541.0,0.976582740846803,-0.8279730422945573,449,49966.35234035429,18843.992972972974,50717.02657142857,76075.53985714285,1542.4610285714286,50717.02657142857,21832.0,25358.513285714285,40573.62125714286,56.648812500000005,293.28445714285715,25639.92628571429,21832.0,20032.788106,26696.917106,36286.413271,49813.982819,67248.876873,90785.983778,124726.686958,171735.415157,230547.58351,313612.400939,58.0,23228.5,39.04796644172898,686.4672532221994,998.2781394089052
144.42,144.59,131.53,132.8,2023-02-10,0.00312574,0.01183019,-0.00965321,-0.00965321,0.0,0.0,62.69,37.31,1.68,44.0,54.0,0.815,9.99,9.76,1.024,0.988771105333,6485192,2032880,21773.0,8.31076792,18.416,39350942467773.0,299945,525685,134788,19584.5067,0.5205677477760546,21773.0,0.8444925282542664,-0.8364886913784595,448,49957.40627669782,18865.83711711712,50616.06657142857,75924.09985714286,1542.4610285714286,50616.06657142857,21643.0,25308.03328571429,40492.85325714286,56.648812500000005,293.28445714285715,25639.92628571429,21643.0,20056.663065,26728.734335,36329.659205,49873.35083,67329.023688,90894.181979,124875.335489,171940.088414,230822.348763,313986.162353,55.0,22943.5,37.204339320647335,539.49911671066,906.5223348692562
132.8,134.68,129.53,129.53,2023-02-11,-0.00965321,0.00540236,-0.01935051,0.00540236,0.0,0.0,63.64,36.36,1.75,44.0,54.0,0.815,10.34,10.01,1.033,1.083864573665,9607968,2723990,21701.0,8.03805143,15.601,39350942467773.0,277285,488089,136690,19587.5778,0.5164636605461035,21701.0,0.8446734160713453,-0.8284946862007949,447,50072.56920403481,18886.637567567566,50517.05514285714,75775.58271428572,1542.4610285714286,50517.05514285714,21867.0,25258.52757142857,40413.64411428572,56.648812500000005,293.28445714285715,25639.92628571429,21867.0,20080.561831,26760.583289,36372.948261,49932.77804,67409.250422,91002.488069,125024.132244,172144.965759,231097.387995,314360.296459,48.0,21840.0,39.98618784530387,436.0739485980812,812.4326576150213
129.53,130.66,121.94,122.07,2023-02-12,0.00540236,0.00540236,-0.02121951,-0.01507189,0.0,0.0,63.24,36.76,1.72,45.0,53.0,0.849,9.95,9.95,1.0,0.989028929361,3879421,2746282,21866.0,9.34677791,15.321,39227251924110.0,262366,496209,163408,19588.5999,0.5237259091410338,21866.0,0.9371184858272444,-0.8307631716233068,446,50066.9434127817,18909.09126126126,50425.47228571429,75638.20842857142,1542.4610285714286,50425.47228571429,21815.0,25212.736142857146,40340.37782857143,56.648812500000005,293.28445714285715,25639.92628571429,21815.0,20104.484422,26792.463996,36416.280474,49992.264496,67489.557137,91110.902135,125173.077341,172350.047356,231372.701427,314734.803557,49.0,21598.5,30.931871574001576,345.92518214408483,719.131162520834
122.07,135.02,118.5,132.05,2023-02-13,-0.01507189,0.00422625,-0.01507189,-0.01233519,0.0,0.0,60.94,39.06,1.56,45.0,53.0,0.849,10.13,10.08,1.005,0.994711425724,5682997,3181415,21683.0,5.37167982,17.641,39156400059293.0,299173,524542,78280,19581.5146,0.5145991669787294,21683.0,0.9024080957548024,-0.8312073955798951,445,50063.93230627869,18924.47864864865,50302.278000000006,75453.41700000002,1542.4610285714286,50302.278000000006,21804.0,25151.139000000003,40241.822400000005,56.648812500000005,293.28445714285715,25639.92628571429,21804.0,20128.430859,26824.37648,36459.655878,50051.810244,67569.943898,91219.424262,125322.1709,172555.333368,231648.289278,315109.683946,50.0,21838.0,37.62800666825434,270.4761465217962,629.4001593210264
132.05,134.69,119.15,119.24,2023-02-14,-0.01233519,0.0017281,-0.01233519,-0.0059748,0.0,0.0,63.24,36.76,1.72,45.0,53.0,0.849,9.47,9.97,0.95,1.006807255387,3225391,6608363,21897.0,8.09056077,17.302,39156400059293.0,302499,529689,130437,19573.0,0.5244407253972543,21897.0,0.8923957832930607,-0.8137803805561941,444,50128.67153677382,18937.12729729729,50174.860857142856,75262.29128571428,1542.4610285714286,50174.860857142856,22216.0,25087.430428571428,40139.888685714286,56.648812500000005,293.28445714285715,25639.92628571429,22216.0,20152.401159,26856.320766,36503.074509,50111.415334,67650.410769,91328.054538,125471.413039,172760.82396,231924.151769,315484.937924,48.0,21727.5,40.31449407474931,241.14740184311086,551.7496078254434
119.24,126.18,106.48,125.15,2023-02-15,-0.0059748,0.00975146,-0.00783356,-0.00035886,0.0,0.0,60.47,39.53,1.53,45.0,53.0,0.849,9.5,10.73,0.885,1.111406326365,4367773,6151274,22684.0,11.69618167,18.87,39156400059293.0,325297,577715,201610,19567.3392,0.5623414756665477,22684.0,0.9650926296238552,-0.722684191966767,443,50114.58794939852,18973.5327027027,50063.12942857143,75094.69414285714,1542.4610285714286,50063.12942857143,24328.0,25031.56471428572,40050.50354285715,56.648812500000005,293.28445714285715,25639.92628571429,24328.0,20176.395343,26888.296881,36546.5364,50171.079812,67730.957814,91436.793049,125620.803877,172966.519295,232200.289119,315860.565793,50.0,21761.0,54.82925146602276,383.89955456673124,518.1795971737009
125.15,131.42,99.87,101.95,2023-02-16,-0.00035886,0.03581887,-0.00035886,0.03148517,0.0,0.0,54.13,45.87,1.18,45.0,53.0,0.849,8.09,9.32,0.868,0.970256914245,5972449,7032552,24615.0,14.83666004,23.943,39156400059293.0,344532,600661,210737,19570.9055,0.6612862825453212,24615.0,1.16276892218038,-0.7523734952801373,442,50058.70359775313,19000.514684684684,49955.10085714286,74932.6512857143,1542.4610285714286,49955.10085714286,23590.0,24977.55042857143,39964.08068571429,56.648812500000005,293.28445714285715,25639.92628571429,23590.0,20200.413428,26920.304849,36590.041587,50230.803726,67811.585098,91545.639882,125770.343535,173172.419538,232476.70155,316236.567851,53.0,22166.5,50.15777847901546,432.49569069415884,501.0428158777925
101.95,104.13,90.8,96.17,2023-02-17,0.03148517,0.03148517,0.00039383,0.01963245,30218.12984,2.39649,58.33,41.67,1.4,45.0,53.0,0.849,8.42,10.04,0.839,1.019713106502,4243591,5234714,24011.0,11.90256149,20.126,39156400059293.0,321095,582850,163137,19574.1542,0.6284149064861629,24011.0,1.0416021358955814,-0.7075176737391367,441,49977.05921106775,19034.857027027025,49872.483714285714,74808.72557142857,1542.4610285714286,49872.483714285714,24632.0,24936.241857142857,39897.986971428574,56.648812500000005,293.28445714285715,25639.92628571429,24632.0,20224.455436,26952.344697,36633.590104,50290.587124,67892.292685,91654.595125,125920.032131,173378.524854,232753.389281,316612.9444,62.0,24819.0,58.61685876961533,548.763367823125,510.58692626685905
96.17,103.28,93.85,101.84,2023-02-18,0.01963245,0.02228,0.0178423,0.02228,0.0,0.0,54.95,45.05,1.22,44.0,54.0,0.815,8.2,9.84,0.833,1.014917046206,3125148,3182782,24612.0,9.71849117,17.454,39156400059293.0,276630,532193,99932,19580.9,0.6592930227328543,24612.0,1.108440759526927,-0.7061991544035546,440,49929.4433908728,19071.01018018018,49787.76942857143,74681.65414285715,1542.4610285714286,49787.76942857143,24641.0,24893.88471428572,39830.21554285715,56.648812500000005,293.28445714285715,25639.92628571429,24641.0,20248.521384,26984.416449,36677.181986,50350.430053,67973.08064,91763.658863,126069.869784,173584.835405,233030.352534,316989.695738,61.0,23623.5,59.08646459002654,634.320512379174,535.3336434893221
101.84,108.69,100.4,105.78,2023-02-19,0.02228,0.02294702,0.01046468,0.02294702,0.0,0.0,53.49,46.51,1.15,44.0,54.0,0.815,8.17,9.84,0.83,0.980164493236,4711407,2804345,24646.0,12.91753507,17.503,39156400059293.0,240244,454434,155951,19586.9176,0.660165058658308,24646.0,1.0707972819000968,-0.7198924733973318,439,49884.49188894569,19105.18135135135,49706.70657142857,74560.05985714286,1542.4610285714286,49706.70657142857,24284.0,24853.353285714285,39765.36525714286,56.648812500000005,293.28445714285715,25639.92628571429,24284.0,20272.611291,27016.520132,36720.817267,50410.332561,68053.949026,91872.831185,126219.856615,173791.351358,233307.591528,317366.822167,60.0,24703.0,59.10297610730753,665.6451069757459,561.3959361866068
105.78,120.09,102.28,119.94,2023-02-20,0.02294702,0.02860903,-0.00953436,0.01378057,0.0,0.0,57.08,42.92,1.33,43.0,55.0,0.782,8.08,9.62,0.84,1.013047723371,4731790,3111091,24658.0,14.01191153,19.303,39156400059293.0,269934,492175,184615,19594.3768,0.6598094096002984,24658.0,0.959134236359338,-0.6979405149678861,438,49822.243226854494,19143.95612612613,49630.798,74446.197,1542.4610285714286,49630.798,24792.0,24815.399,39704.6384,56.648812500000005,293.28445714285715,25639.92628571429,24792.0,20296.725178,27048.65577,36764.495983,50470.294696,68134.897908,91982.112176,126369.992742,173998.072876,233585.106486,317744.323986,60.0,24652.0,63.00531914893617,723.1256855687789,593.7418860630412
119.94,135.32,119.72,129.44,2023-02-21,0.01378057,0.02742625,0.0033147,0.0033147,0.0,0.0,55.56,44.44,1.25,44.0,54.0,0.815,8.65,9.86,0.877,1.01259333623,5475963,5922361,24700.0,12.45095152,19.242,39156400059293.0,290290,522739,150968,19601.092,0.6610838062896646,24700.0,1.1129036523259508,-0.7122495762576282,437,49786.00605690252,19182.34351351351,49548.958,74323.437,1542.4610285714286,49548.958,24422.0,24774.479,39639.1664,56.648812500000005,293.28445714285715,25639.92628571429,24422.0,20320.863063,27080.82339,36808.218169,50530.316506,68215.927351,92091.501924,126520.278285,174205.000125,233862.897629,318122.201497,58.0,24385.5,57.74232470840595,730.4039088474383,621.0742906199207
129.44,137.85,128.2,132.86,2023-02-22,0.0033147,0.00628261,0.0033147,0.00628261,157.75604,4787.84,60.47,39.53,1.53,44.0,54.0,0.815,8.97,10.18,0.881,0.98489194153,8192835,4772890,24019.0,11.78190924,18.923,39156400059293.0,282179,525612,153302,19604.5262,0.6243168896563245,24019.0,0.9205550858972892,-0.7241930424955854,436,49818.90863489331,19217.857027027025,49447.535142857145,74171.30271428572,1542.4610285714286,49447.535142857145,24148.0,24723.76757142857,39558.02811428572,56.648812500000005,293.28445714285715,25639.92628571429,24148.0,20345.024966,27113.023018,36851.983858,50590.398038,68297.03742,92201.000517,126670.713364,174412.133269,234140.965176,318500.455001,60.0,24790.5,57.96769851951548,705.924979406529,638.0444283772424
132.86,152.32,128.46,150.42,2023-02-23,0.00628261,0.02354942,-0.01313262,-0.01313262,0.0,0.0,62.96,37.04,1.7,44.0,54.0,0.815,8.52,9.93,0.858,0.975478292127,8010802,6105054,24132.0,11.78715278,17.517,39156400059293.0,290557,549817,161769,19608.9042,0.629352125595571,24132.0,1.1131082070308136,-0.729975588443935,435,49715.64262825349,19243.136306306304,49359.22085714286,74038.83128571429,1542.4610285714286,49359.22085714286,23959.0,24679.61042857143,39487.37668571429,56.648812500000005,293.28445714285715,25639.92628571429,23959.0,20369.210905,27145.254678,36895.793087,50650.539341,68378.228178,92310.608041,126821.298099,174619.472473,234419.309351,318879.084799,59.0,24432.0,66.39432711577001,663.6246787971941,643.1604784612327
150.42,159.12,148.71,149.84,2023-02-24,-0.01313262,0.01500568,-0.01313262,0.01500568,0.0,0.0,65.03,34.97,1.86,42.0,56.0,0.75,8.63,9.71,0.889,0.938456585513,7332333,6251327,23636.0,11.22390595,17.648,39156400059293.0,294427,548364,160551,19608.2758,0.6030840651930215,23636.0,0.8729890263900818,-0.7611714731396884,434,49717.535600750496,19260.559729729728,49270.36942857143,73905.55414285715,1542.4610285714286,49270.36942857143,23224.0,24635.184714285715,39416.29554285714,56.648812500000005,293.28445714285715,25639.92628571429,23224.0,20393.420901,27177.518396,36939.645889,50710.740461,68459.499691,92420.324583,126972.032609,174827.017901,234697.930374,319258.091191,56.0,24241.5,61.23986918811318,564.2882646013095,627.3860356892482
149.84,154.47,148.3,153.04,2023-02-25,0.01500568,0.02369173,-0.0109443,-0.0011509,0.0,163784.44118,66.56,33.44,1.99,45.0,53.0,0.849,9.33,10.1,0.924,1.022729513946,5164502,4433072,23051.0,8.15152257,15.985,42835295924697.0,258306,499173,141962,19606.6184,0.5730006813780895,23051.0,0.6720195978553807,-0.7656662902899409,433,49771.62610716177,19280.559729729728,49180.318,73770.477,1542.4610285714286,49180.318,23145.0,24590.159,39344.254400000005,56.648812500000005,293.28445714285715,25639.92628571429,23145.0,20417.654971,27209.814199,36983.5423,50771.001448,68540.852023,92530.150231,127122.917015,175034.76972,234976.828467,319637.47448,53.0,24004.0,59.277003484320566,473.7279598654859,596.6544205244957
153.04,154.38,139.59,139.59,2023-02-26,-0.0011509,0.01234738,-0.0011509,-0.00072369,0.0,0.0,66.33,33.67,1.97,44.0,54.0,0.815,8.93,10.23,0.873,0.986758289491,3975790,4823027,23263.0,8.6949975,15.727,43053844193928.0,276935,492329,154827,19606.0386,0.5829468677383024,23263.0,1.052343966627742,-0.7476987907186476,432,49687.951352147145,19306.866036036037,49098.598000000005,73647.89700000001,1542.4610285714286,49098.598000000005,23525.0,24549.299000000003,39278.87840000001,56.648812500000005,293.28445714285715,25639.92628571429,23525.0,20441.913136,27242.142112,37027.482354,50831.322348,68622.285238,92640.085072,127273.951436,175242.728094,235256.003851,320017.234968,52.0,23181.0,61.84866962305986,427.69093524493655,562.8617234685839
139.59,162.79,133.16,146.69,2023-02-27,-0.00072369,0.01559715,-0.00072369,0.00217984,0.0,0.0,62.41,37.59,1.66,44.0,54.0,0.815,8.87,10.09,0.879,1.016910461568,13788565,22042614,23454.0,8.78574092,17.678,43053844193928.0,292608,493509,144765,19602.2591,0.5920035176572416,23454.0,0.8926995778181075,-0.7490516373770433,431,49731.95209477403,19351.403783783782,49006.32371428572,73509.48557142858,1542.4610285714286,49006.32371428572,23514.0,24503.16185714286,39205.058971428574,56.648812500000005,293.28445714285715,25639.92628571429,23514.0,20466.195415,27274.50216,37071.466087,50891.70321,68703.799402,92750.129193,127425.135992,175450.893188,235535.45675,320397.372955,51.0,23124.5,61.84866962305986,385.87057766194266,527.4634943072557
146.69,164.71,113.92,117.61,2023-02-28,0.00217984,0.00568506,-0.01241917,0.00568506,0.0,0.0,63.1,36.9,1.71,45.0,53.0,0.849,8.91,10.46,0.852,0.935629251687,19068927,27142939,23380.0,5.51622942,16.716,43053844193928.0,332221,560775,90551,19599.7798,0.5876837379799911,23380.0,0.874855025380224,-0.763825143225775,430,49806.71532531575,19417.0618018018,48914.06085714286,73371.0912857143,1542.4610285714286,48914.06085714286,23204.0,24457.03042857143,39131.24868571429,56.648812500000005,293.28445714285715,25639.92628571429,23204.0,20490.501827,27306.894369,37115.493534,50952.144082,68785.39458,92860.282683,127576.470804,175659.265169,235815.187383,320777.888744,50.0,23513.0,56.944053978071416,323.9786100096062,486.76651744772585
117.61,143.3,104.18,113.38,2023-03-01,0.00568506,0.01831098,-0.01660967,-0.0092226,576.64002,0.0,64.41,35.59,1.81,48.0,50.0,0.96,8.91,10.25,0.869,1.028488260642,32814339,22931028,23592.0,5.09345131,15.958,43053844193928.0,381762,632623,91307,19596.1152,0.5978259515760277,23592.0,1.073735268998463,-0.7440927536131188,429,49717.44601941387,19471.635765765765,48814.04371428572,73221.06557142858,1542.4610285714286,48814.04371428572,23624.0,24407.02185714286,39051.234971428574,56.648812500000005,293.28445714285715,25639.92628571429,23624.0,20514.832391,27339.318765,37159.564729,51012.645012,68867.070835,92970.545627,127727.955992,175867.8442,236095.195975,321158.782638,53.0,23502.5,43.50793065289561,305.2999617348687,450.4732063051544
113.38,134.05,103.58,115.09,2023-03-02,-0.0092226,0.00506233,-0.0092226,-0.00717008,0.0,0.0,63.64,36.36,1.75,46.0,52.0,0.885,9.77,9.42,1.037,1.011208993684,27032017,8155673,23432.0,5.67564439,16.848,43053844193928.0,329903,560730,91922,19591.7127,0.5892112282712055,23432.0,0.9278144840595044,-0.7510010334371948,428,49733.63351005235,19529.01117117117,48713.94085714286,73070.91128571429,1542.4610285714286,48713.94085714286,23469.0,24356.97042857143,38971.15268571429,56.648812500000005,293.28445714285715,25639.92628571429,23469.0,20539.187127,27371.775374,37203.679707,51073.206048,68948.828233,93080.918115,127879.591676,176076.630449,236375.482747,321540.054938,50.0,23173.0,48.749741682165734,274.82181893574307,415.34292883127216
115.09,157.6,94.0,134.04,2023-03-03,-0.00717008,0.00251772,-0.02605326,-0.00072282,0.0,24380.78944,66.1,33.9,1.95,53.0,47.0,1.128,8.09,8.3,0.975,0.937095545793,37911772,27494365,22426.0,5.18955117,19.57,43053844193928.0,355105,617748,97546,19583.9896,0.5393078358409306,22426.0,1.0774023383484317,-0.7982524171509748,427,49658.432734550806,19579.04855855856,48602.70657142857,72904.05985714286,1542.4610285714286,48602.70657142857,22352.0,24301.353285714285,38882.16525714286,56.648812500000005,293.28445714285715,25639.92628571429,22352.0,20563.566054,27404.264221,37247.838504,51133.827237,69030.666839,93191.400233,128031.377976,176285.624081,236656.047922,321921.705948,51.0,23723.0,26.800976800976798,158.70564644143815,364.0154723533054
134.04,156.71,129.63,149.04,2023-03-04,-0.00072282,-0.00072282,-0.02158084,-0.01485598,0.0,0.0,67.21,32.79,2.05,55.0,45.0,1.222,11.01,12.19,0.903,0.97782394273,9326687,4132266,22336.0,4.29975791,16.053,43053844193928.0,306148,525556,84609,19577.0692,0.5345730393186544,22336.0,0.9301450003483144,-0.7959239356414738,426,49582.83529038468,19633.34477477477,48489.118,72733.677,1542.4610285714286,48489.118,22370.0,24244.559,38791.294400000006,56.648812500000005,293.28445714285715,25639.92628571429,22370.0,20587.969191,27436.785332,37292.041154,51194.508629,69112.586718,93301.99207,128183.315013,176494.825261,236936.891721,322303.735969,50.0,23421.5,26.934795856185247,67.35872330269194,304.68412254318275
149.04,157.67,128.28,139.46,2023-03-05,-0.01485598,-0.00586657,-0.01723069,-0.01723069,0.0,0.0,66.89,33.11,2.02,56.0,44.0,1.273,10.84,11.63,0.932,0.982856073392,14975317,9563878,22426.0,4.36692803,14.92,43053844193928.0,286483,471103,82565,19571.6366,0.538431145145714,22426.0,0.9502225193102408,-0.7917826997545845,425,49521.40197096791,19685.56783783784,48381.07228571429,72571.60842857143,1542.4610285714286,48381.07228571429,22435.0,24190.536142857145,38704.85782857143,56.648812500000005,293.28445714285715,25639.92628571429,22435.0,20612.396558,27469.338733,37336.287693,51255.250271,69194.587935,93412.693712,128335.402907,176704.234155,237218.014368,322686.145305,50.0,22333.5,30.036709134096313,0.20818553526623873,243.78893514159947
139.46,168.87,134.91,143.39,2023-03-06,-0.01723069,0.00415649,-0.01859475,0.00415649,0.0,0.0,65.03,34.97,1.86,49.0,51.0,0.961,9.33,9.97,0.936,0.994222185232,18202639,15425566,22422.0,6.36835243,16.064,43053844193928.0,315884,502041,123458,19567.3923,0.5377485849188315,22422.0,0.8129211436782967,-0.7937099652547008,424,49570.49158079374,19735.25333333333,48274.512285714285,72411.76842857143,1542.4610285714286,48274.512285714285,22414.0,24137.256142857143,38619.60982857143,56.648812500000005,293.28445714285715,25639.92628571429,22414.0,20636.848174,27501.924451,37380.578155,51316.052211,69276.670554,93523.505248,128487.641778,176913.85093,237499.416087,323068.93426,47.0,22339.5,21.307915057915054,-54.08022081283343,184.2151039507129
143.39,175.23,138.85,158.67,2023-03-07,0.00415649,0.00415649,-0.02079512,-0.00591397,0.0,0.0,63.9,36.1,1.77,56.0,44.0,1.273,8.88,9.71,0.915,0.958054025686,29715322,12034926,22337.0,5.86012332,16.038,43053844193928.0,361917,577819,125393,19569.5446,0.5330186997886799,22337.0,1.0167259303332363,-0.8016534099984849,423,49528.8922520389,19785.055945945947,48159.358,72239.037,1542.4610285714286,48159.358,22218.0,24079.679,38527.4864,56.648812500000005,293.28445714285715,25639.92628571429,22218.0,20661.324059,27534.542509,37424.912576,51376.914497,69358.834641,93634.426765,128640.031749,177123.675751,237781.097098,323452.103136,48.0,22417.5,22.241813602015114,-111.63290133270857,125.04550289402862
158.67,166.42,105.74,114.17,2023-03-08,-0.00591397,0.00519939,-0.00633386,-0.0038799,0.0,0.0,68.25,31.75,2.15,43.0,57.0,0.754,6.19,6.68,0.927,0.96666216287,39103073,16323527,22060.0,5.71226069,16.599,43053844193928.0,292360,504711,112866,19573.5745,0.5191876936193449,22060.0,0.8140195060592876,-0.8246042584013136,422,49547.4021359949,19828.546036036038,48038.34657142857,72057.51985714285,1542.4610285714286,48038.34657142857,21722.0,24019.173285714285,38430.67725714286,56.648812500000005,293.28445714285715,25639.92628571429,21722.0,20685.824231,27567.192935,37469.29099,51437.837178,69441.08026,93745.458351,128792.572938,177333.708785,238063.057627,323835.652236,49.0,22385.5,21.063931297709914,-195.0188145453467,61.032639406153564
114.17,163.92,97.43,139.27,2023-03-09,-0.0038799,0.00783444,-0.00901507,0.0046161,0.0,21865.91484,69.79,30.21,2.31,57.0,43.0,1.326,7.21,6.03,1.196,0.954063696393,34463772,29642447,21438.0,5.00302236,19.049,43053844193928.0,336719,536603,107231,19573.8946,0.4897618345011986,21438.0,0.8092893251296064,-0.8891789183229637,421,49579.9110304912,19861.67486486486,47903.72371428572,71855.58557142859,1542.4610285714286,47903.72371428572,20377.0,23951.86185714286,38322.97897142858,56.648812500000005,293.28445714285715,25639.92628571429,20377.0,20710.348711,27599.875755,37513.713434,51498.820302,69523.407478,93856.600095,128945.265467,177543.950198,238345.297895,324219.581865,50.0,22241.5,16.510845175766633,-365.42066889091075,-24.2580222532593
139.27,206.57,129.21,201.65,2023-03-10,0.0046161,0.0046161,-0.01068379,-0.00733232,608.13136,142.73201,71.35,28.65,2.49,51.0,49.0,1.041,8.49,5.94,1.429,0.972961412202,54349944,66671299,19972.0,5.0826421,24.217,43127061549761.0,329198,569244,120160,19567.7653,0.4247229847517465,19972.0,0.7667179081533843,-0.8993983798551213,420,49590.18973104454,19892.727567567566,47765.41514285714,71648.12271428571,1542.4610285714286,47765.41514285714,20174.0,23882.70757142857,38212.33211428572,56.648812500000005,293.28445714285715,25639.92628571429,20174.0,20734.897517,27632.590994,37558.179942,51559.863918,69605.816358,93967.852084,129098.109457,177754.400156,238627.818127,324603.892327,44.0,21694.0,18.334717607973417,-510.9557893167366,-121.59757566595476
201.65,508.59,200.09,325.67,2023-03-11,-0.00733232,0.58123092,-0.22604864,-0.22604864,9286.70563,93421.79635,66.89,33.11,2.02,54.0,46.0,1.174,5.72,8.8,0.65,0.979103258801,52491794,110786134,20231.0,3.86223223,20.005,43551722213590.0,319542,539881,107064,19562.3203,0.4354402181513607,20231.0,0.9224178576532828,-0.8823438876876093,419,49570.8380947645,19931.44216216216,47628.36371428572,71442.54557142858,1542.4610285714286,47628.36371428572,20513.0,23814.18185714286,38102.69097142858,56.648812500000005,293.28445714285715,25639.92628571429,20513.0,20759.470669,27665.338677,37602.690548,51620.968072,69688.306967,94079.214406,129251.105028,177965.058826,238910.618546,324988.583925,34.0,20151.5,24.074074074074076,-592.1134387749626,-215.70074828775634
325.67,328.2,226.63,229.38,2023-03-12,-0.22604864,0.08647209,-0.22604864,0.07635607,0.0,0.0,62.69,37.31,1.68,53.0,47.0,1.128,4.56,6.85,0.666,1.045085173259,18176399,173026578,20613.0,5.2655213,19.445,43551722213590.0,265394,462071,120467,19558.3272,0.4516222391648039,20613.0,0.917092512424602,-0.8035822377862178,418,49548.57720821684,19988.69315315315,47488.36371428572,71232.54557142858,1542.4610285714286,47488.36371428572,22184.0,23744.18185714286,37990.69097142858,56.648812500000005,293.28445714285715,25639.92628571429,22184.0,20784.068187,27698.118832,37647.24529,51682.132815,69770.87937,94190.687149,129404.252303,178175.926375,239193.699375,325373.656964,33.0,20198.5,39.4691377414795,-515.6516149741401,-275.69092162503307
229.38,240.45,147.86,187.37,2023-03-13,0.07635607,0.10967715,-0.21707576,-0.10235244,1041.25933,0.0,57.63,42.37,1.36,56.0,44.0,1.273,4.93,6.84,0.721,1.056922765974,119891925,65130088,22972.0,12.05843708,28.785,43551722213590.0,332950,522769,198796,19564.3595,0.5601019883772029,22972.0,0.968921354398458,-0.7164032707823331,417,49542.87940282056,20060.735225225224,47358.118,71037.177,1542.4610285714286,47358.118,24202.0,23679.059,37886.4944,56.648812500000005,293.28445714285715,25639.92628571429,24202.0,20808.690089,27730.931483,37691.844201,51743.358193,69853.533631,94302.270402,129557.5514,178387.002968,239477.060839,325759.111747,33.0,20524.5,54.10795318844041,-288.889199005127,-278.33057710105186
187.37,201.34,165.41,169.88,2023-03-14,-0.10235244,0.08606034,-0.10235244,0.08234123,18657.27868,1139.94342,51.69,48.31,1.07,60.0,40.0,1.5,6.0,8.5,0.706,1.000495370181,122207523,65470518,24779.0,14.38501652,30.757,43551722213590.0,327746,525781,203783,19579.7499,0.6504383666592654,24779.0,0.9846906864423292,-0.695258496495752,416,49528.45991394799,20133.476306306307,47228.72942857143,70843.09414285715,1542.4610285714286,47228.72942857143,24712.0,23614.364714285715,37782.983542857146,56.648812500000005,293.28445714285715,25639.92628571429,24712.0,20833.336396,27763.776658,37736.487317,51804.644256,69936.269816,94413.964252,129711.002443,178598.288774,239760.703161,326144.948581,49.0,22254.0,58.794028458129226,-67.25039220313556,-236.11454012146862
169.88,229.33,145.8,149.45,2023-03-15,0.08234123,0.08234123,-0.04931023,-0.02852702,22878.04468,124.99265,57.45,42.55,1.35,59.0,41.0,1.439,7.32,7.69,0.952,0.986605487875,97149425,46822378,24612.0,-1.46367949,25.187,43551722213590.0,344912,547848,0,19599.4933,0.640332302165096,24612.0,1.0137827143906668,-0.7076557936803098,415,49555.79525048728,20203.805405405405,47099.52942857143,70649.29414285715,1542.4610285714286,47099.52942857143,24421.0,23549.76471428572,37679.623542857145,56.648812500000005,293.28445714285715,25639.92628571429,24421.0,20858.007127,27796.654381,37781.174673,51865.991052,70019.087991,94525.768788,129864.605552,178809.783958,240044.626565,326531.167769,56.0,24168.5,54.71876850207223,83.95095662694439,-172.10144077178603
149.45,163.97,135.43,156.03,2023-03-16,-0.02852702,-0.01222474,-0.03012138,-0.03012138,1128.11798,198.4581,60.0,40.0,1.5,59.0,41.0,1.439,8.27,7.49,1.104,1.011352675754,26721687,34383455,24649.0,-1.44271044,23.241,43551722213590.0,294915,515762,0,19620.0153,0.6408649281919505,24649.0,0.9152243729745642,-0.6842819897039263,414,49630.06398140104,20280.620270270272,46982.30657142858,70473.45985714287,1542.4610285714286,46982.30657142858,25036.0,23491.15328571429,37585.845257142864,56.648812500000005,293.28445714285715,25639.92628571429,25036.0,20882.702302,27829.564678,37825.906305,51927.39863,70101.98822,94637.684098,130018.360848,179021.488688,240328.831276,326917.769616,50.0,24637.5,58.79842784952274,250.5166748655938,-87.57781764431007
156.03,178.37,141.46,151.95,2023-03-17,-0.03012138,0.03349888,-0.03082036,0.03349888,17509.74671,1656.39047,53.49,46.51,1.15,50.0,50.0,1.0,7.82,9.45,0.828,1.047836289479,38048789,35703331,26273.0,0.2297824,25.974,43551722213590.0,338676,567512,0,19646.9387,0.7262774631935203,26273.0,1.0315588927042996,-0.5890530790211734,413,49624.00476346305,20380.26369369369,46875.71228571429,70313.56842857144,1542.4610285714286,46875.71228571429,27534.0,23437.856142857145,37500.56982857143,56.648812500000005,293.28445714285715,25639.92628571429,27534.0,20907.421939,27862.507577,37870.682247,51988.867037,70184.97057,94749.71027,130172.268453,179233.403132,240613.317517,327304.754428,52.0,24392.0,75.1895780672759,577.4326458518226,45.424275054916464
151.95,174.03,147.92,160.79,2023-03-18,0.03349888,0.03349888,-0.01412894,-0.01412894,4323.15349,16271.87005,48.72,51.28,0.95,61.0,39.0,1.564,8.25,9.09,0.908,0.928971265494,23780632,20270285,27334.0,1.732527,25.845,43551722213590.0,296728,508178,0,19676.96,0.7840386820154233,27334.0,1.2515939141085664,-0.6026333824714509,412,49610.1065447978,20476.496576576577,46768.49514285714,70152.74271428572,1542.4610285714286,46768.49514285714,27155.0,23384.24757142857,37414.79611428572,56.648812500000005,293.28445714285715,25639.92628571429,27155.0,20932.166058,27895.483102,37915.502536,52050.396323,70268.035106,94861.847393,130326.328488,179445.527455,240898.085514,327692.12251,51.0,25020.0,72.47111862496477,796.7493451048285,195.6892890648989
160.79,169.98,153.25,164.95,2023-03-19,-0.01412894,0.01562576,-0.01412894,0.01200045,13156.3667,1448.82464,47.37,52.63,0.9,62.0,38.0,1.632,7.51,8.28,0.907,1.054244836124,27761167,16809066,27427.0,2.34860972,26.033,43551722213590.0,268983,443185,0,19707.0784,0.7872896812405951,27427.0,1.129831505169714,-0.5644267443202171,411,49631.95371132324,20584.613423423423,46664.438,69996.657,1542.4610285714286,46664.438,28225.0,23332.219,37331.5504,56.648812500000005,293.28445714285715,25639.92628571429,28225.0,20956.934679,27928.491279,37960.367206,52111.986535,70351.181893,94974.095555,130480.541075,179657.861826,241183.135491,328079.874167,64.0,27126.5,74.84552008238929,1044.855028620943,365.5224369761077
164.95,180.44,155.7,163.79,2023-03-20,0.01200045,0.01200045,-0.01116152,0.0016351,13690.33033,36147.26756,45.95,54.05,0.85,60.0,40.0,1.5,7.78,8.45,0.921,0.965592288079,36108815,22420172,27851.0,2.89021756,30.512,43551722213590.0,341134,519004,0,19739.8872,0.8095585861526998,27851.0,1.2239954227993428,-0.573053230881623,410,49634.49963785388,20688.45783783784,46557.906571428575,69836.85985714286,1542.4610285714286,46557.906571428575,27984.0,23278.953285714288,37246.32525714286,56.648812500000005,293.28445714285715,25639.92628571429,27984.0,20981.727822,27961.532136,38005.276293,52173.637723,70434.410996,95086.454845,130634.906335,179870.406412,241468.467672,328468.009706,63.0,27070.5,73.45855795148248,1208.107572360117,534.0394640529096
163.79,188.94,144.89,185.53,2023-03-21,0.0016351,0.0016351,-0.02365446,-0.0017191,10897.23217,1354.36949,44.44,55.56,0.8,55.0,45.0,1.222,7.93,7.83,1.013,1.007386652095,23397472,22830635,27934.0,2.30010716,26.748,43551722213590.0,327787,515396,0,19772.4574,0.812135022114241,27934.0,1.1446255091281416,-0.5636707950355131,409,49650.676190591934,20788.404324324325,46459.04942857143,69688.57414285715,1542.4610285714286,46459.04942857143,28257.0,23229.524714285715,37167.23954285715,56.648812500000005,293.28445714285715,25639.92628571429,28257.0,21006.545506,27994.605697,38050.229832,52235.349935,70517.722483,95198.925351,130789.42439,180083.16138,241754.082283,328856.529431,66.0,28017.5,75.2698970625157,1344.0221570861322,696.0360026595541
185.53,205.51,161.96,169.69,2023-03-22,-0.0017191,-0.0017191,-0.02143161,-0.00260147,42751.09068,27907.31062,43.5,56.5,0.77,56.0,44.0,1.273,7.33,8.31,0.882,0.973119366189,12944599,13386388,28038.0,2.87868282,28.092,43551722213590.0,297416,501324,0,19806.6796,0.8158613858781855,28038.0,1.2689797445906417,-0.5929910257092619,408,49617.15479039434,20882.52873873874,46368.78657142857,69553.17985714285,1542.4610285714286,46368.78657142857,27422.0,23184.393285714286,37095.02925714286,56.648812500000005,293.28445714285715,25639.92628571429,27422.0,21031.38775,28027.711989,38095.227858,52297.123219,70601.116417,95311.507162,130944.095361,180296.126898,242039.979548,329245.43365,68.0,27860.5,73.193359375,1368.5817644117997,830.5451550100033
169.69,171.57,142.54,152.03,2023-03-23,-0.00260147,0.01577395,-0.00690721,0.00348219,1951.98908,191.24,50.74,49.26,1.03,53.0,47.0,1.128,7.57,7.99,0.947,1.013370778177,9264078,8441399,27764.0,2.02622169,25.456,43767569956062.0,295062,493325,0,19840.1919,0.7977441878724301,27764.0,1.4186005058417597,-0.5539300933869349,407,49512.18701603245,20984.238378378377,46282.878,69424.31700000001,1542.4610285714286,46282.878,28454.0,23141.439,37026.30240000001,56.648812500000005,293.28445714285715,25639.92628571429,28454.0,21056.254574,28060.851037,38140.270408,52358.957625,70684.592864,95424.200367,131098.919371,180509.303133,242326.159693,329634.722667,62.0,28150.0,83.72442588726514,1454.5520349443104,955.3465309968649
152.03,155.61,139.71,146.84,2023-03-24,0.00348219,0.01720219,-0.0122898,-0.0122898,0.0,27677.13337,46.24,53.76,0.86,53.0,47.0,1.128,7.75,11.8,0.657,0.954237323815,6791661,7351085,27985.0,0.64760777,25.262,46843400286276.0,291933,503616,0,19874.5941,0.8081823314577434,27985.0,1.3046123562533265,-0.582586480281126,406,49501.11460086227,21080.39972972973,46198.946571428576,69298.41985714287,1542.4610285714286,46198.946571428576,27644.0,23099.473285714288,36959.15725714286,56.648812500000005,293.28445714285715,25639.92628571429,27644.0,21081.145997,28094.022869,38185.357517,52420.853201,70768.151892,95537.005054,131253.896541,180722.690255,242612.622943,330024.396791,57.0,27393.0,79.68526466380544,1440.716183823697,1052.4204615622314
146.84,152.25,143.29,149.29,2023-03-25,-0.0122898,-0.00258207,-0.01390786,-0.00500899,1320.9,5475.33414,52.38,47.62,1.1,51.0,49.0,1.041,7.41,9.16,0.809,1.007479160715,2327548,2316873,27510.0,-0.56675349,21.153,46843400286276.0,290052,495412,0,19908.2867,0.7787820529823131,27510.0,1.136976201659884,-0.583115367944032,405,49550.59300073477,21175.20567567568,46112.38085714286,69168.5712857143,1542.4610285714286,46112.38085714286,27657.0,23056.19042857143,36889.90468571429,56.648812500000005,293.28445714285715,25639.92628571429,27657.0,21106.06204,28127.22751,38230.489219,52482.809995,70851.793564,95649.921312,131409.026994,180936.288429,242899.369523,330414.456327,61.0,28380.5,79.14490861618799,1414.4947485146804,1124.835318952721
149.29,153.71,135.53,139.02,2023-03-26,-0.00500899,0.00687569,-0.01533234,-0.01078665,36566.35341,5790.17546,51.22,48.78,1.05,51.0,48.0,1.063,8.17,8.58,0.952,1.013931915265,3062032,2772731,27729.0,-0.18281181,20.232,46843400286276.0,261099,447452,0,19946.4792,0.7888284123699446,27729.0,1.1324489227837444,-0.5699820618393474,404,49519.43047993522,21274.3281981982,46031.77514285714,69047.66271428572,1542.4610285714286,46031.77514285714,28005.0,23015.88757142857,36825.42011428571,56.648812500000005,293.28445714285715,25639.92628571429,28005.0,21131.002722,28160.464986,38275.665551,52544.828057,70935.517948,95762.949229,131564.31085,181150.097825,243186.399659,330804.901583,64.0,27493.0,76.62123845239184,1405.5919744291023,1180.9866500479973
139.02,145.7,126.81,130.45,2023-03-27,-0.01078665,0.00380085,-0.01078665,-0.00684361,0.0,13268.80329,48.72,51.28,0.95,52.0,47.0,1.106,8.96,9.05,0.99,0.942761731864,5438561,5787535,27561.0,-0.14168509,23.327,46843400286276.0,296409,500926,0,19982.2836,0.7770286515441591,27561.0,1.180099434732168,-0.602887953962254,403,49555.124092996426,21364.835405405403,45960.45514285714,68940.68271428571,1542.4610285714286,45960.45514285714,27118.0,22980.22757142857,36768.36411428572,56.648812500000005,293.28445714285715,25639.92628571429,27118.0,21155.968062,28193.735323,38320.886548,52606.907435,71019.325108,95876.088896,131719.748234,181364.118611,243473.713577,331195.732864,64.0,27470.0,64.87451540501938,1311.8408896107248,1207.1574979605427
130.45,133.66,121.62,132.61,2023-03-28,-0.00684361,-0.00392041,-0.01044947,-0.01044947,0.0,366.81476,53.92,46.08,1.17,52.0,48.0,1.083,7.91,8.25,0.959,0.9996044628,4032837,5572990,27035.0,-1.0159783,22.217,46843400286276.0,316147,518779,0,20008.8713,0.7458204552522358,27035.0,1.037693912501911,-0.5976130645425997,402,49607.07175446768,21458.89675675676,45887.24942857143,68830.87414285714,1542.4610285714286,45887.24942857143,27290.0,22943.624714285717,36709.799542857145,56.648812500000005,293.28445714285715,25639.92628571429,27290.0,21180.95808,28227.038548,38366.152245,52669.048178,71103.215111,95989.3404,131875.339265,181578.350954,243761.311502,331586.950479,64.0,27955.0,63.620033812341504,1237.1602289739822,1213.1580441632307
132.61,162.74,119.31,158.03,2023-03-29,-0.01044947,0.02686166,-0.01044947,0.02686166,23439.46512,73.55062,51.92,48.08,1.08,51.0,49.0,1.041,9.49,8.35,1.137,1.034122338764,5691955,8032165,28068.0,-0.28471842,22.465,46843400286276.0,334490,558712,0,20036.0772,0.80191140958705,28068.0,1.1483573196917227,-0.5571027343550927,401,49578.74925967197,21559.51018018018,45813.78657142857,68720.67985714285,1542.4610285714286,45813.78657142857,28402.0,22906.893285714286,36651.02925714286,56.648812500000005,293.28445714285715,25639.92628571429,28402.0,21205.972796,28260.374686,38411.462679,52731.250334,71187.188022,96102.70383,132031.084068,181792.795023,244049.19366,331978.554735,59.0,27080.5,69.35342732134177,1253.2576005095943,1221.1779554325035
158.03,173.4,149.84,150.77,2023-03-30,0.02686166,0.02686166,-0.02375745,-0.02148334,1580.54304,7140.15491,45.95,54.05,0.85,52.0,47.0,1.106,9.39,10.3,0.912,0.991050744695,7042043,8223149,28398.0,0.14364121,22.978,46843400286276.0,326192,560008,0,20063.4614,0.8188378603208157,28398.0,1.2621626713724765,-0.5693696396448331,400,49536.82609060144,21657.574864864862,45745.63228571429,68618.44842857143,1542.4610285714286,45745.63228571429,28032.0,22872.816142857144,36596.50582857143,56.648812500000005,293.28445714285715,25639.92628571429,28032.0,21231.012229,28293.743764,38456.817884,52793.513953,71271.243908,96216.179276,132186.982763,182007.450987,244337.360278,332370.545939,57.0,27290.5,64.9203187250996,1222.0716938721416,1221.3567031204311
150.77,167.32,146.94,167.06,2023-03-31,-0.02148334,0.01126575,-0.02148334,0.01126575,0.0,1242.34985,52.61,47.39,1.11,53.0,46.0,1.152,9.77,9.7,1.007,0.990640761418,4408346,3976152,28211.0,-0.26117887,21.339,46843400286276.0,308245,558168,0,20087.8492,0.806202231937632,28211.0,1.135466935418132,-0.5524896379311031,399,49541.69752502443,21760.19414414414,45676.958,68515.437,1542.4610285714286,45676.958,28512.0,22838.479,36541.5664,56.648812500000005,293.28445714285715,25639.92628571429,28512.0,21256.076399,28327.145808,38502.217897,52855.839084,71355.382835,96329.766827,132343.035474,182222.319014,244625.811582,332762.924399,60.0,28412.0,56.09573672400898,1222.0021465764512,1221.4857918116352
167.06,180.25,165.22,171.96,2023-04-01,0.01126575,0.01352239,-0.015468,0.01352239,11.52976,0.0,45.36,54.64,0.83,51.0,48.0,1.063,8.64,8.96,0.964,0.985820076526,1261658,1122471,28461.0,-0.48859324,18.807,46843400286276.0,319506,537059,0,20115.8254,0.8184934872666515,28461.0,1.148917170199153,-0.5515003729569994,398,49532.63656918595,21863.814594594594,45608.832285714285,68413.24842857143,1542.4610285714286,45608.832285714285,28535.0,22804.416142857142,36487.06582857143,56.648812500000005,293.28445714285715,25639.92628571429,28535.0,21281.165326,28360.580844,38547.662752,52918.225775,71439.604868,96443.466572,132499.242323,182437.399272,244914.547797,333155.690424,63.0,27962.5,59.0007826767545,1209.8564654008915,1219.1599265294865
171.96,214.82,158.96,213.83,2023-04-02,0.01352239,0.02027765,-0.01390733,0.00062134,528.18788,0.0,47.64,52.36,0.91,51.0,49.0,1.041,9.01,8.24,1.093,1.019467698433,2290808,1772936,28295.0,-0.38611781,19.654,46843400286276.0,341473,496101,0,20149.6397,0.8067097030506243,28295.0,1.2256797974062108,-0.5631364200148372,397,49510.0000195701,21962.77873873874,45542.78657142857,68314.17985714285,1542.4610285714286,45542.78657142857,28192.0,22771.393285714286,36434.22925714286,56.648812500000005,293.28445714285715,25639.92628571429,28192.0,21306.279029,28394.048899,38593.152486,52980.674076,71523.910073,96557.278599,132655.603433,182652.691931,245203.569151,333548.84432,61.0,28531.5,49.76221357544315,1159.1912568969565,1207.1661926029806
213.83,230.05,208.73,212.2,2023-04-03,0.00062134,0.01736143,-0.0139396,0.00800855,4874.74008,9835.00445,51.69,48.31,1.07,52.0,48.0,1.083,8.84,7.77,1.138,0.966171765717,5213401,5078585,27996.0,-0.48979972,20.858,46843400286276.0,332739,518165,0,20183.6032,0.7875369260466801,27996.0,1.0669241585885254,-0.5778460906350116,396,49589.59273366012,22053.26333333333,45468.226571428575,68202.33985714286,1542.4610285714286,45468.226571428575,27825.0,22734.113285714287,36374.58125714286,56.648812500000005,293.28445714285715,25639.92628571429,27825.0,21331.417528,28427.549998,38638.687135,53043.184034,71608.298518,96671.202999,132812.118925,182868.197159,245492.87587,333942.386397,63.0,28482.0,48.874734607218684,1077.0097829192637,1181.1349106662371
212.2,214.33,198.41,200.63,2023-04-04,0.00800855,0.01660492,-0.01481248,0.01660492,0.0,0.0,53.49,46.51,1.15,50.0,50.0,1.0,8.57,7.81,1.097,0.981355172551,2655608,2378085,28075.0,-1.46280839,19.86,46843400286276.0,420968,622026,0,20219.3606,0.7897003883723334,28075.0,1.3051490377274575,-0.5641145850049352,395,49547.90531794036,22146.509099099098,45392.158,68088.23700000001,1542.4610285714286,45392.158,28186.0,22696.079,36313.72640000001,56.648812500000005,293.28445714285715,25639.92628571429,28186.0,21356.580843,28461.084168,38684.266733,53105.7557,71692.770267,96785.239861,132968.788924,183083.915125,245782.468181,334336.316962,63.0,28145.0,49.50370473927024,1029.1466932453513,1150.7372671820601
200.63,203.94,197.84,199.8,2023-04-05,0.01660492,0.01660492,0.00429771,0.00429771,2531.91543,0.0,48.98,51.02,0.96,51.0,49.0,1.041,8.43,8.66,0.973,1.004136254917,3324823,2882048,28364.0,-0.58016985,19.811,46843400286276.0,346746,552889,0,20254.9873,0.80372206689735,28364.0,1.1369431144828994,-0.5678133866386084,394,49583.30254532214,22243.44855855856,45316.26085714286,67974.39128571429,1542.4610285714286,45316.26085714286,28102.0,22658.13042857143,36253.00868571429,56.648812500000005,293.28445714285715,25639.92628571429,28102.0,21381.768993,28494.651436,38729.891317,53168.389123,71777.325388,96899.389273,133125.61355,183299.845998,246072.346311,334730.636325,62.0,27825.0,55.310840362386756,973.2180994182636,1115.2334336293009
199.8,204.91,155.33,156.28,2023-04-06,0.00429771,0.00728084,-0.01275558,-0.01275558,2.81337,0.0,54.13,45.87,1.18,51.0,49.0,1.041,8.65,9.02,0.959,0.96175874746,1559611,2214306,28022.0,-1.15178048,20.01,47189345878587.0,353859,579642,0,20289.859,0.7822308014690126,28022.0,1.3072404240156943,-0.5683288339315542,393,49527.66224755585,22345.98171171171,45245.96371428572,67868.94557142857,1542.4610285714286,45245.96371428572,28056.0,22622.98185714286,36196.770971428574,56.648812500000005,293.28445714285715,25639.92628571429,28056.0,21406.981998,28528.251827,38775.560923,53231.084351,71861.963945,97013.651326,133282.592929,183515.989947,246362.510487,335125.344795,62.0,28152.0,46.32570162481536,914.6390803295981,1075.1145629693603
156.28,156.45,150.38,151.28,2023-04-07,-0.01275558,0.0044193,-0.0134647,-0.01081729,8.4297,0.0,54.34,45.66,1.19,50.0,50.0,1.0,8.07,9.22,0.875,0.988063240825,672264,598690,27956.0,-1.60583189,19.718,47887764338536.0,354889,587694,0,20329.0651,0.7761777755676408,27956.0,1.1601065650457671,-0.5724086340093972,392,49510.34407687462,22446.418378378377,45178.238000000005,67767.357,1542.4610285714286,45178.238000000005,27932.0,22589.119,36142.59040000001,56.648812500000005,293.28445714285715,25639.92628571429,27932.0,21432.219878,28561.885368,38821.275586,53293.841433,71946.686006,97128.026109,133439.727181,183732.347142,246652.960936,335520.44268,63.0,28093.0,53.04439746300211,848.4288621794549,1029.7774228113794
151.28,151.56,146.51,147.59,2023-04-08,-0.01081729,0.00320155,-0.02052749,-0.00550469,0.0,0.0,55.16,44.84,1.23,50.0,49.0,1.02,8.36,9.45,0.885,0.97452338113,401966,407899,28013.0,-1.58293915,17.462,47887764338536.0,318358,526522,0,20367.589,0.7770001866120316,28013.0,1.1972917437757855,-0.5720245592465609,391,49532.08461916985,22547.434144144143,45111.95228571429,67667.92842857144,1542.4610285714286,45111.95228571429,27955.0,22555.976142857144,36089.56182857143,56.648812500000005,293.28445714285715,25639.92628571429,27955.0,21457.482653,28595.552085,38867.035341,53356.660419,72031.491637,97242.51371,133597.016431,183948.917751,246943.697885,335915.93029,64.0,27992.0,53.143459915611814,788.720812492822,981.566100747668
147.59,150.34,141.17,147.16,2023-04-09,-0.00550469,0.01266202,-0.01977715,-0.01977715,17927.4072,369.20002,54.55,45.45,1.2,51.0,49.0,1.041,9.12,9.05,1.008,1.029966095068,861138,1059484,28031.0,-1.22449479,16.569,47887764338536.0,278258,450821,0,20407.1543,0.7756205153457456,28031.0,1.192407915532774,-0.5577235688114257,390,49520.45773307296,22654.715945945944,45048.32371428572,67572.48557142858,1542.4610285714286,45048.32371428572,28351.0,22524.16185714286,36038.65897142857,56.648812500000005,293.28445714285715,25639.92628571429,28351.0,21482.770343,28629.252004,38912.840226,53419.541357,72116.380905,97357.114221,133754.460801,184165.701945,247234.721562,336311.807933,61.0,27880.5,53.61319966583124,764.5424737070825,938.1613753395509
147.16,160.92,144.53,155.05,2023-04-10,-0.01977715,0.01259968,-0.01977715,-0.01338013,29646.4693,0.0,50.0,50.0,1.0,49.0,50.0,0.98,9.2,9.02,1.02,1.077329016617,3178833,2668901,28605.0,-0.09666349,21.038,47887764338536.0,289502,503810,0,20449.0842,0.8051517426528736,28605.0,1.0208404830280708,-0.5130193807211718,389,49563.61134010157,22769.625405405404,44986.546571428575,67479.81985714287,1542.4610285714286,44986.546571428575,29673.0,22493.273285714287,35989.237257142864,56.648812500000005,293.28445714285715,25639.92628571429,29673.0,21508.082966,28662.985152,38958.690275,53482.484298,72201.353875,97471.827731,133912.060415,184382.699893,247526.032195,336708.075921,61.0,27975.5,74.45912310932414,842.3452854993739,918.9981573715156
155.05,168.37,150.64,166.74,2023-04-11,-0.01338013,0.01321894,-0.01902285,-0.00263954,27653.54833,4669.1304,41.18,58.82,0.7,51.0,49.0,1.041,10.22,10.21,1.001,1.018434520617,2856290,2736772,30106.0,1.84801774,28.982,47887764338536.0,384848,626221,0,20495.8666,0.8888342094803796,30106.0,1.339012401932957,-0.4934484085412656,388,49566.1511008752,22890.59747747748,44941.48942857143,67412.23414285715,1542.4610285714286,44941.48942857143,30261.0,22470.74471428572,35953.191542857145,56.648812500000005,293.28445714285715,25639.92628571429,30261.0,21533.420544,28696.751556,39004.585524,53545.48929,72286.410613,97586.654328,134069.815395,184599.911764,247817.630011,337104.734562,62.0,28364.0,76.34332328427026,940.6085108580119,923.3202280688149
166.74,182.56,166.53,177.07,2023-04-12,-0.00263954,-0.00263954,-0.01003036,-0.00535095,2915.64013,1342.11607,41.18,58.82,0.7,53.0,47.0,1.128,9.76,12.25,0.797,0.941788753644,1620261,1424982,30012.0,1.29983796,24.367,47887764338536.0,337942,573142,0,20542.3487,0.8803067705638725,30012.0,1.4201367278621029,-0.5016006337278309,387,49516.10104635161,23009.12342342342,44888.69514285715,67333.04271428572,1542.4610285714286,44888.69514285715,29985.0,22444.34757142857,35910.95611428572,56.648812500000005,293.28445714285715,25639.92628571429,29985.0,21558.783095,28730.551241,39050.52601,53608.556382,72371.551188,97701.594104,134227.725865,184817.337728,248109.515238,337501.784166,68.0,29667.0,66.47928378097023,984.8590890067135,935.6280002563947
177.07,186.14,174.91,186.12,2023-04-13,-0.00535095,0.00151111,-0.01546199,0.00151111,1703.0336,81.37479,45.95,54.05,0.85,53.0,47.0,1.128,13.3,12.73,1.045,0.994738035883,1217746,802053,30217.0,1.18484252,22.884,47887764338536.0,331900,578882,0,20590.14,0.8893056991854595,30217.0,1.2502385543604375,-0.4868093122872121,386,49509.89504133404,23131.974864864864,44835.47228571429,67253.20842857142,1542.4610285714286,44835.47228571429,30428.0,22417.736142857146,35868.37782857143,56.648812500000005,293.28445714285715,25639.92628571429,30428.0,21584.17064,28764.384234,39096.511768,53671.685624,72456.775664,97816.647147,134385.791949,185034.977955,248401.688104,337899.225044,65.0,30265.5,74.56931911402789,1043.643911328265,957.2311824707688
186.12,200.31,185.76,195.63,2023-04-14,0.00151111,0.02113424,-0.01329376,-0.01329376,3419.84841,81815.72133,42.2,57.8,0.73,54.0,46.0,1.174,10.42,10.94,0.952,0.980316535827,2064272,1879459,30588.0,1.78869509,23.98,47887764338536.0,315819,583697,0,20639.1498,0.9080955847790286,30588.0,1.2522848184589677,-0.4865698612542086,385,49564.73706144605,23254.72675675676,44788.718,67183.077,1542.4610285714286,44788.718,30469.0,22394.359,35830.9744,56.648812500000005,293.28445714285715,25639.92628571429,30469.0,21609.583198,28798.250561,39142.542834,53734.877064,72542.084109,97931.813547,134544.013769,185252.832615,248694.148837,338297.057505,61.0,29870.0,72.05318909172864,1081.0776734169085,982.0004806599968
195.63,222.23,195.57,222.23,2023-04-15,-0.01329376,0.01547284,-0.01329376,0.01547284,0.0,0.0,49.75,50.25,0.99,52.0,48.0,1.083,12.16,11.55,1.053,1.033764031172,710345,478641,30376.0,1.49888327,20.902,47887764338536.0,276027,515619,0,20683.6757,0.8926233890277125,30376.0,1.4169082922551162,-0.4903681683291534,384,49503.52079806884,23376.107657657656,44746.152285714285,67119.22842857143,1542.4610285714286,44746.152285714285,30316.0,22373.076142857142,35796.92182857143,56.648812500000005,293.28445714285715,25639.92628571429,30316.0,21635.020789,28832.150249,39188.619244,53798.130753,72627.476589,98047.093395,134702.39145,185470.901878,248986.897665,338695.281862,68.0,30362.0,69.49857674622291,1085.881017806394,1002.7765880892763
222.23,238.31,220.62,238.31,2023-04-16,0.01547284,0.01547284,-0.00532655,-0.00532655,1521.825,394.42449,50.0,50.0,1.0,52.0,48.0,1.083,10.73,9.68,1.108,0.975718385755,855739,661633,30328.0,1.62597197,18.892,47887764338536.0,232144,442284,0,20731.4468,0.8867607200294393,30328.0,1.107913647393673,-0.4928532320819094,383,49621.78224472471,23496.878468468465,44699.358,67049.037,1542.4610285714286,44699.358,30313.0,22349.679,35759.4864,56.648812500000005,293.28445714285715,25639.92628571429,30313.0,21660.483434,28866.083325,39234.741034,53861.44674,72712.953171,98162.486781,134860.925114,185689.185914,249279.934818,339093.898423,68.0,30452.0,75.08871540099362,1077.0302931222977,1017.6273290958807
238.31,271.12,237.0,266.8,2023-04-17,-0.00532655,0.03131008,-0.02124389,0.02667381,4344.32565,12678.55524,50.98,49.02,1.04,52.0,48.0,1.083,10.29,9.92,1.037,0.998666740306,1418039,1152034,29714.0,0.93622666,22.266,47887764338536.0,316038,517182,0,20775.6985,0.8484552050914939,29714.0,1.3869689681945767,-0.5203942690947478,382,49568.71006309911,23611.823873873876,44647.35228571429,66971.02842857143,1542.4610285714286,44647.35228571429,29458.0,22323.676142857144,35717.88182857143,56.648812500000005,293.28445714285715,25639.92628571429,29458.0,21685.971152,28900.049814,39280.90824,53924.825073,72798.513921,98277.993794,135019.614886,185907.684894,249573.260523,339492.907501,68.0,30310.0,67.3170731707317,989.6169869667028,1012.0252606700451
266.8,272.9,259.98,262.25,2023-04-18,0.02667381,0.02667381,-0.01046427,-0.00259155,7288.61335,0.0,59.18,40.82,1.45,52.0,48.0,1.083,11.71,9.68,1.21,0.978104158458,1414452,1331419,29943.0,0.76680607,20.862,47887764338536.0,312356,542691,0,20820.1537,0.85878191842858,29943.0,1.4440120048754614,-0.4866122234197458,381,49457.8414667118,23736.6927027027,44604.80942857143,66907.21414285715,1542.4610285714286,44604.80942857143,30402.0,22302.40471428572,35683.84754285715,56.648812500000005,293.28445714285715,25639.92628571429,30402.0,21711.483962,28934.049744,39327.120898,53988.265803,72884.158907,98393.614524,135178.460888,186126.398987,249866.875009,339892.309405,69.0,30246.5,70.9135522838807,985.1579352839217,1006.6517955928205
262.25,276.34,257.62,267.38,2023-04-19,-0.00259155,0.02224321,-0.00259155,0.00061846,0.0,557997.44551,48.19,51.81,0.93,52.0,48.0,1.083,9.64,10.74,0.898,0.96449001959,3554545,4066803,29596.0,0.64528613,21.69,47887764338536.0,301583,546554,0,20864.5567,0.8362710468657539,29596.0,1.248741339657613,-0.5401113625895526,380,49520.892476108784,23846.696396396397,44542.52942857143,66813.79414285715,1542.4610285714286,44542.52942857143,28855.0,22271.26471428572,35634.02354285715,56.648812500000005,293.28445714285715,25639.92628571429,28855.0,21737.021885,28968.08314,39373.379043,54051.768979,72969.888194,98509.349062,135337.463246,186345.328364,250160.778505,340292.104448,58.0,29384.0,55.56870285460731,847.0300978084197,974.7274560359403
267.38,267.79,250.03,250.13,2023-04-20,0.00061846,0.00061846,-0.00678694,-0.00678694,328.6153,514993.52055,59.51,40.49,1.47,51.0,48.0,1.063,9.24,11.71,0.789,0.993714492247,2149311,2706926,28670.0,-0.73216002,19.693,48296984989381.0,296550,543492,0,20906.2573,0.7823180607548909,28670.0,1.1366180267909511,-0.5627759989922705,379,49625.579763007736,23951.731261261262,44494.74657142857,66742.11985714285,1542.4610285714286,44494.74657142857,28268.0,22247.37328571429,35595.79725714286,56.648812500000005,293.28445714285715,25639.92628571429,28268.0,21762.584941,29002.15003,39419.682713,54115.33465,73055.70185,98625.197498,135496.622083,186564.473196,250454.97124,340692.292941,63.0,30382.5,51.451657080251984,682.3313066488845,916.2482261585292
250.13,256.29,242.26,247.78,2023-04-21,-0.00678694,0.01985811,-0.00678694,0.01985811,16916.76,58949.86714,64.29,35.71,1.8,50.0,49.0,1.02,12.73,10.1,1.26,0.973047097017,1789484,2030991,27967.0,-1.88767366,20.959,48712405953118.0,352073,631684,0,20945.0118,0.7422147598927828,27967.0,1.2168199168586171,-0.5978559489985145,378,49602.75805802153,24048.48081081081,44444.48942857143,66666.73414285715,1542.4610285714286,44444.48942857143,27281.0,22222.24471428572,35555.591542857146,56.648812500000005,293.28445714285715,25639.92628571429,27281.0,21788.173149,29036.250439,39466.031943,54178.962865,73141.599941,98741.159921,135655.937522,186783.833654,250749.453443,341092.875195,52.0,28792.5,46.01347213717085,466.78289412618324,826.35515975206
247.78,247.79,239.63,241.0,2023-04-22,0.01985811,0.01985811,-0.00205847,-0.00178439,30.3367,0.0,65.75,34.25,1.92,52.0,47.0,1.106,12.88,8.71,1.479,1.098103469198,584146,493645,27454.0,-2.29160825,18.938,48712405953118.0,354603,520384,0,20978.5385,0.7132942490757255,27454.0,1.2080884452064498,-0.5787851590424342,377,49646.88584563043,24149.665405405405,44400.255142857146,66600.38271428572,1542.4610285714286,44400.255142857146,27831.0,22200.127571428573,35520.20411428572,56.648812500000005,293.28445714285715,25639.92628571429,27831.0,21813.78653,29070.384395,39512.426769,54242.653676,73227.582535,98857.236423,135815.409688,187003.409908,251044.225344,341493.851523,50.0,28283.0,49.28670041417396,336.46111344172095,728.3763504899922
241.0,241.86,229.23,230.05,2023-04-23,-0.00178439,0.00588068,-0.010509,-0.00341084,0.0,20799.27927,62.83,37.17,1.69,51.0,48.0,1.063,9.59,9.81,0.978,0.963904758289,431590,495642,27580.0,-2.45791348,18.387,48712405953118.0,432613,484849,0,21011.6088,0.7179203546740835,27580.0,1.218275748412252,-0.5888228796661501,376,49718.89276734641,24247.98297297297,44363.358,66545.037,1542.4610285714286,44363.358,27593.0,22181.679,35490.6864,56.648812500000005,293.28445714285715,25639.92628571429,27593.0,21839.425103,29104.551923,39558.867227,54306.40713,73313.649698,98973.427093,135975.038705,187223.202128,251339.287171,341895.222236,53.0,27290.5,45.55894070775721,211.53708454714433,625.0084973014226
230.05,230.05,214.68,216.16,2023-04-24,-0.00341084,0.00666776,-0.00718657,0.00666776,115.61271,3414.60404,63.64,36.36,1.75,51.0,48.0,1.063,10.58,10.18,1.039,0.982846585385,1158514,1144072,27496.0,-1.86976806,20.062,48712405953118.0,360032,478378,0,21044.2691,0.7116503842288112,27496.0,1.1612794352201994,-0.5931126991352649,375,49782.438141352126,24345.65108108108,44347.29514285715,66520.94271428572,1542.4610285714286,44347.29514285715,27510.0,22173.647571428573,35477.83611428572,56.648812500000005,293.28445714285715,25639.92628571429,27510.0,21865.088888,29138.753051,39605.353353,54370.223277,73399.801498,99089.732022,136134.824697,187443.210487,251634.639154,342296.987647,56.0,27756.5,35.174777244688144,104.63037148675721,520.9328721384895
216.16,223.66,205.91,208.12,2023-04-25,0.00666776,0.00938791,-0.00679949,-0.00394665,236120.51058,136.375,65.28,34.72,1.88,49.0,50.0,0.98,11.48,10.88,1.055,1.01953253848,1371055,1291969,27520.0,-2.03158218,19.497,48712405953118.0,369718,486951,0,21079.0943,0.7109203584261841,27520.0,1.0288951048337016,-0.5627309750046958,374,49828.73430089164,24449.496666666662,44331.71228571429,66497.56842857144,1542.4610285714286,44331.71228571429,28385.0,22165.856142857145,35465.369828571434,56.648812500000005,293.28445714285715,25639.92628571429,28385.0,21890.777906,29172.987805,39651.885184,54434.102168,73486.038,99206.151301,136294.767789,187663.435155,251930.281523,342699.148068,53.0,27519.5,37.62859403851227,89.47975160769056,434.64224803232975
208.12,248.29,194.5,194.5,2023-04-26,-0.00394665,0.00875903,-0.01085741,0.00875903,69780.02644,129161.39807,58.85,41.15,1.43,52.0,47.0,1.106,10.97,11.78,0.931,0.98255652816,3934340,3530740,28850.0,-0.58973698,22.011,48712405953118.0,436331,476342,0,21120.4718,0.7788945969743903,28850.0,1.105878472388612,-0.5626765034031003,373,49945.38490695687,24554.139189189187,44329.08371428572,66493.62557142858,1542.4610285714286,44329.08371428572,28453.0,22164.54185714286,35463.26697142858,56.648812500000005,293.28445714285715,25639.92628571429,28453.0,21916.492176,29207.256212,39698.462756,54498.043852,73572.359273,99322.685019,136454.868104,187883.876303,252226.214508,343101.703811,53.0,27540.0,39.61215080010848,82.01439698325703,364.11667782251527
194.5,214.01,189.7,204.01,2023-04-27,0.00875903,0.00875903,-0.00572751,-0.00568827,1317.74335,3302.80784,57.63,42.37,1.36,49.0,50.0,0.98,8.11,9.26,0.876,1.000948808727,2506839,2711676,29075.0,-0.82351377,19.519,48712405953118.0,418782,477939,0,21162.9972,0.788619789643081,29075.0,1.111069270232162,-0.5271835907375007,372,49955.5234714525,24667.02054054054,44331.14657142857,66496.71985714286,1542.4610285714286,44331.14657142857,29487.0,22165.573285714287,35464.91725714286,56.648812500000005,293.28445714285715,25639.92628571429,29487.0,21942.231718,29241.558298,39745.086104,54562.048378,73658.765383,99439.333267,136615.125767,188104.534103,252522.438338,343504.65519,56.0,28413.5,44.09290646578783,157.7151659016272,322.83637543833765
204.01,218.57,199.92,213.24,2023-04-28,-0.00568827,0.00922054,-0.00568827,-0.0043468,0.0,79.407,49.24,50.76,0.97,51.0,48.0,1.063,7.02,10.67,0.658,0.964809419553,979478,782063,29331.0,-1.18836419,18.845,48712405953118.0,483375,517843,0,21207.1777,0.8000020209660806,29331.0,1.3029238512269778,-0.5319412207019774,371,49969.064813305886,24778.714774774773,44331.40371428572,66497.10557142858,1542.4610285714286,44331.40371428572,29355.0,22165.70185714286,35465.12297142858,56.648812500000005,293.28445714285715,25639.92628571429,29355.0,21967.996552,29275.89409,39791.755266,54626.115796,73745.256398,99556.096137,136775.540902,188325.408725,252818.953244,343908.002517,59.0,28851.0,43.08589870903674,204.69764678181673,299.20862970703354
213.24,215.78,209.6,210.74,2023-04-29,-0.0043468,0.00330472,-0.00901558,0.00330472,168.36945,0.0,51.69,48.31,1.07,50.0,49.0,1.02,10.53,13.21,0.797,0.943244350013,453691,544050,29291.0,-1.29629186,16.904,48712405953118.0,485894,442547,0,21252.7333,0.7952226417599416,29291.0,1.2107878225614537,-0.5357698662680122,370,50010.37418956957,24888.484324324323,44326.07228571429,66489.10842857143,1542.4610285714286,44326.07228571429,29267.0,22163.036142857145,35460.85782857143,56.648812500000005,293.28445714285715,25639.92628571429,29267.0,21993.786698,29310.263615,39838.470277,54690.246156,73831.832384,99672.973718,136936.113635,188546.500342,253115.759456,344311.746105,64.0,29425.5,43.43636591165061,232.15460306364912,285.79782437835667
210.74,216.03,208.1,211.51,2023-04-30,0.00330472,0.01451825,-0.003438,-0.00059681,75285.9324,2272.72552,53.05,46.95,1.13,50.0,49.0,1.02,8.76,12.06,0.726,0.989270780301,940582,884990,29339.0,-1.56169609,16.802,48712405953118.0,568368,425949,0,21298.299,0.7952356316376402,29339.0,1.3056622277203214,-0.5361901446078345,369,50069.00547836068,24997.44009009009,44314.84371428572,66472.26557142858,1542.4610285714286,44314.84371428572,29289.0,22157.421857142857,35451.87497142857,56.648812500000005,293.28445714285715,25639.92628571429,29289.0,22019.602177,29344.666898,39885.231173,54754.439507,73918.493409,99789.966102,137096.844089,188767.809125,253412.857204,344715.886269,64.0,29315.5,43.607990012484386,252.7758126512599,279.19342203293735
211.51,223.69,210.51,220.89,2023-05-01,-0.00059681,0.01309027,-0.00558045,-0.00039767,37.32906,20296.94452,52.61,47.39,1.11,52.0,47.0,1.106,10.27,8.54,1.203,0.943973324383,1716003,1855449,28443.0,-2.46025699,19.54,48712405953118.0,682099,479880,0,21341.145,0.7450721326773436,28443.0,1.6081149839514806,-0.5795514825029908,368,50013.42970785224,25092.614594594597,44303.238000000005,66454.857,1542.4610285714286,44303.238000000005,28015.0,22151.619,35442.59040000001,56.648812500000005,293.28445714285715,25639.92628571429,28015.0,22045.443008,29379.103968,39932.037991,54818.695901,74005.23954,99907.073379,137257.732389,188989.335245,253710.246718,345120.42332,60.0,29210.0,41.44026574919919,164.42176531788937,256.23909068992776
220.89,221.69,210.67,214.18,2023-05-02,-0.00039767,0.00997062,-0.00039767,0.00853238,192.08844,0.0,62.55,37.45,1.67,50.0,49.0,1.02,8.76,9.8,0.894,0.967613556459,1181246,1078710,28261.0,-1.5245899,19.298,48712405953118.0,457579,428277,0,21380.6728,0.7333885218733435,28261.0,1.09253784314274,-0.5575019258327085,367,50077.03209832426,25188.84378378378,44292.163714285714,66438.24557142858,1542.4610285714286,44292.163714285714,28676.0,22146.081857142857,35433.73097142857,56.648812500000005,293.28445714285715,25639.92628571429,28676.0,22071.309211,29413.574851,39978.890768,54883.015385,74092.070844,100024.295639,137418.778661,189211.078875,254007.92823,345525.357574,63.0,29277.5,39.405843358703656,146.05410127814685,234.2020928075716
214.18,219.91,213.66,214.9,2023-05-03,0.00853238,0.01175606,-0.00231809,-0.00231809,2872.8513,8.52627,55.36,44.64,1.24,51.0,48.0,1.063,8.76,13.01,0.673,1.013411370578,1068676,1244836,28554.0,-1.65167264,19.309,48712405953118.0,489418,488009,0,21423.4619,0.746345583922501,28554.0,1.2241097816054527,-0.5464736821676226,366,50096.03739675818,25280.21936936937,44292.838,66439.25700000001,1542.4610285714286,44292.838,29005.0,22146.419,35434.2704,56.648812500000005,293.28445714285715,25639.92628571429,29005.0,22097.200807,29448.079572,40025.789539,54947.398011,74178.987389,100141.632974,137579.983029,189433.040186,254305.90197,345930.689343,55.0,28003.5,51.08256351039261,156.24406134640594,218.6104865153385
214.9,216.36,210.93,214.11,2023-05-04,-0.00231809,0.01234568,-0.00231809,0.01192973,0.0,516.3681,54.13,45.87,1.18,51.0,48.0,1.063,9.62,11.19,0.86,0.947155686458,965406,830043,28986.0,-0.98047795,19.068,48484851384226.0,490977,428553,0,21467.8307,0.7666541628709231,28986.0,1.2834344277980283,-0.5523791745214144,365,50132.14718451288,25360.135135135137,44285.82657142857,66428.73985714286,1542.4610285714286,44285.82657142857,28855.0,22142.913285714287,35428.66125714286,56.648812500000005,293.28445714285715,25639.92628571429,28855.0,22123.117815,29482.61816,40072.73434,55011.843827,74265.989241,100259.085476,137741.345617,189655.219351,254604.168169,346336.418943,64.0,28610.0,54.521645355107076,150.48127722499703,204.9846446572702
214.11,226.86,213.38,216.19,2023-05-05,0.01192973,0.01192973,-0.00018501,0.00380142,653.2512,1905.16924,57.45,42.55,1.35,51.0,48.0,1.063,10.08,14.33,0.703,1.005191943403,2044452,1931664,29259.0,-0.20983316,18.233,48005534313579.0,411310,401746,0,21511.9999,0.7786902273508219,29259.0,1.0431088876716006,-0.5308363019590328,364,50201.243327288365,25437.52252252252,44287.14657142857,66430.71985714286,1542.4610285714286,44287.14657142857,29524.0,22143.573285714287,35429.71725714286,56.648812500000005,293.28445714285715,25639.92628571429,29524.0,22149.060255,29517.190641,40119.725209,55076.352885,74353.076469,100376.653233,137902.866551,189877.616541,254902.727058,346742.546687,64.0,29078.5,68.16782763648145,197.61891043785727,203.51149781338762
216.19,222.43,212.53,219.72,2023-05-06,0.00380142,0.01399848,-0.01762986,-0.01762986,0.0,34007.86382,51.22,48.78,1.05,50.0,49.0,1.02,9.23,8.13,1.135,0.965141223453,1674168,1654558,29111.0,-1.42732246,17.156,48005534313579.0,600985,407037,0,21555.2753,0.7684273063524545,29111.0,1.3372518044713768,-0.5534185241382197,363,50189.49666440185,25508.99099099099,44283.586571428576,66425.37985714286,1542.4610285714286,44283.586571428576,28858.0,22141.793285714288,35426.86925714286,56.648812500000005,293.28445714285715,25639.92628571429,28858.0,22175.028148,29551.797042,40166.762181,55140.925234,74440.24914,100494.336339,138064.545956,190100.231928,255201.578868,347149.072889,61.0,28860.0,58.16505008745429,179.16983206686928,198.64316466408394
219.72,220.5,212.65,215.73,2023-05-07,-0.01762986,0.01196127,-0.01762986,-0.01415084,17580.27673,12294.26014,57.81,42.19,1.37,52.0,47.0,1.106,8.9,12.95,0.687,0.945366226885,1281748,1284718,28890.0,-1.30723434,16.811,48005534313579.0,607744,313384,0,21599.2662,0.7544211501251015,28890.0,1.2205288216753651,-0.5678118852158498,362,50239.58568486074,25575.018018018018,44272.860857142856,66409.29128571428,1542.4610285714286,44272.860857142856,28474.0,22136.430428571428,35418.28868571429,56.648812500000005,293.28445714285715,25639.92628571429,28474.0,22201.021514,29586.437388,40213.845293,55205.560923,74527.507321,100612.134883,138226.383957,190323.065685,255500.72383,347555.997865,60.0,29539.5,56.84537684537684,132.04112585521943,185.32275690231106
215.73,225.97,167.17,167.17,2023-05-08,-0.01415084,0.00516519,-0.01512252,-0.01512252,2018.84157,8124.11676,56.52,43.48,1.3,52.0,47.0,1.106,9.51,12.45,0.764,0.962968803914,2806871,3437537,27932.0,-1.56365266,20.103,48005534313579.0,574914,363778,0,21640.2284,0.7030978029746056,27932.0,1.1885578455849055,-0.5972744216838173,361,50295.33330110295,25633.747747747748,44263.82657142857,66395.73985714286,1542.4610285714286,44263.82657142857,27678.0,22131.913285714287,35411.06125714286,56.648812500000005,293.28445714285715,25639.92628571429,27678.0,22227.040372,29621.111709,40260.974582,55270.260003,74614.851079,100730.048957,138388.38068,190546.117985,255800.162176,347963.321929,64.0,28891.0,51.175153889199784,30.113608158284478,154.28092715350576
167.17,167.29,160.67,161.7,2023-05-09,-0.01512252,-0.01169124,-0.01646641,-0.01169124,8.33463,397.15522,63.24,36.76,1.72,50.0,50.0,1.0,10.73,10.56,1.016,0.982430798876,1160006,1354679,27593.0,-2.23900374,19.195,48005534313579.0,598105,392742,0,21680.2796,0.6841042936373338,27593.0,1.2745629851544356,-0.5942097581463504,360,50306.28646570334,25697.09009009009,44253.09514285714,66379.64271428571,1542.4610285714286,44253.09514285714,27769.0,22126.54757142857,35402.47611428572,56.648812500000005,293.28445714285715,25639.92628571429,27769.0,22253.084744,29655.820029,40308.150083,55335.022525,74702.280483,100848.078652,138550.536248,190769.389,256099.894138,348371.045397,60.0,28675.5,45.160276555625394,-42.82804938954723,114.85913184489516
161.7,169.8,161.69,163.43,2023-05-10,-0.01169124,0.00749901,-0.018639,0.00749901,2438.73662,7586.42362,63.64,36.36,1.75,51.0,48.0,1.063,9.88,9.99,0.989,0.974089793045,2523549,2322426,27727.0,-2.74730537,18.893,48005534313579.0,671498,458374,0,21720.2892,0.6887243625917149,27727.0,1.439558097611187,-0.5983366125122043,359,50241.45859035427,25755.95495495496,44241.64371428572,66362.46557142858,1542.4610285714286,44241.64371428572,27619.0,22120.82185714286,35393.314971428576,56.648812500000005,293.28445714285715,25639.92628571429,27619.0,22279.154648,29690.562376,40355.371834,55399.848537,74789.7956,100966.22406,138712.850789,190992.878902,256399.919947,348779.168583,51.0,27736.0,43.53087185851691,-111.45381471176006,69.59654253356412
163.43,218.55,160.4,210.51,2023-05-11,0.00749901,0.00947767,-0.02689454,-0.02249577,0.0,2680.45472,61.09,38.91,1.57,52.0,47.0,1.106,9.74,8.42,1.157,0.995691421833,1336368,1332551,27293.0,-2.4413645,18.495,48005534313579.0,546398,393348,0,21758.158,0.6654290103801862,27293.0,1.2721215044870742,-0.6203192420366523,358,50201.50421829237,25795.09009009009,44228.215142857145,66342.32271428572,1542.4610285714286,44228.215142857145,26997.0,22114.107571428573,35382.572114285715,56.648812500000005,293.28445714285715,25639.92628571429,26997.0,22305.250106,29725.338776,40402.63987,55464.73809,74877.396497,101084.485271,138875.324427,191216.587864,256700.239835,349187.691802,52.0,27698.5,29.366920782234004,-213.56854463985655,12.963525098879984
210.51,213.29,206.9,211.57,2023-05-12,-0.02249577,-0.00062699,-0.02249577,-0.01648986,0.0,58266.17695,65.75,34.25,1.92,50.0,49.0,1.02,10.64,9.89,1.076,0.972773979846,1469818,1297218,26504.0,-2.88082671,19.356,48005534313579.0,509018,400807,0,21792.3771,0.6258289693821089,26504.0,1.161217055061314,-0.6284723482806438,357,50237.526598645534,25830.62162162162,44217.69514285715,66326.54271428572,1542.4610285714286,44217.69514285715,26797.0,22108.84757142857,35374.15611428572,56.648812500000005,293.28445714285715,25639.92628571429,26797.0,22331.371137,29760.149258,40449.954229,55529.691235,74965.083242,101202.862377,139037.957288,191440.516059,257000.854034,349596.615371,52.0,27584.5,29.03965912815471,-307.0935490605625,-51.04788973300852
211.57,212.52,195.87,197.43,2023-05-13,-0.01648986,-6.02e-05,-0.01648986,-0.00536755,2255.63905,88.18227,64.91,35.09,1.85,48.0,51.0,0.941,6.98,5.72,1.22,1.003814668442,533609,468768,26812.0,-3.55450295,15.597,48005534313579.0,575495,376490,0,21826.5884,0.6387430593705687,26812.0,1.185849539297082,-0.6287586640455007,356,50231.28435977105,25867.18918918919,44204.70085714286,66307.05128571429,1542.4610285714286,44204.70085714286,26786.0,22102.35042857143,35363.76068571429,56.648812500000005,293.28445714285715,25639.92628571429,26786.0,22357.517761,29794.993847,40497.314946,55594.708021,75052.855904,101321.35547,139200.749498,191664.66366,257301.762776,350005.939606,49.0,26964.0,29.410788381742734,-377.7459764664054,-116.38750707968791
197.43,206.46,196.21,205.16,2023-05-14,-0.00536755,0.00039303,-0.02022328,0.00039303,0.0,6449.69975,62.69,37.31,1.68,49.0,50.0,0.98,6.28,6.16,1.019,1.040798147266,632258,601619,26865.0,-3.74951567,15.508,48005534313579.0,631503,376715,0,21855.8942,0.6396980723138613,26865.0,1.4218075349782224,-0.6206296898346029,355,50090.60485495545,25902.73873873874,44190.04942857143,66285.07414285715,1542.4610285714286,44190.04942857143,26929.0,22095.024714285715,35352.03954285714,56.648812500000005,293.28445714285715,25639.92628571429,26929.0,22383.689999,29829.87257,40544.722059,55659.788499,75140.714549,101439.964641,139363.701181,191889.03084,257602.966294,350415.664822,48.0,26730.0,30.800520663846413,-417.38823752264943,-176.5876531682802
205.16,217.5,204.09,215.02,2023-05-15,0.00039303,0.00039303,-0.01303102,-0.01242285,1053.55829,0.0,62.41,37.59,1.66,49.0,50.0,0.98,9.57,8.89,1.076,0.936302506222,1180891,1082727,27324.0,-2.7966872,16.277,48005534313579.0,526232,385001,0,21886.6307,0.6600790779995533,27324.0,1.2073182268307443,-0.6120426364756764,354,50143.650444708925,25943.54054054054,44164.36942857143,66246.55414285715,1542.4610285714286,44164.36942857143,27190.0,22082.184714285715,35331.49554285715,56.648812500000005,293.28445714285715,25639.92628571429,27190.0,22409.887871,29864.785454,40592.175604,55724.932718,75228.659245,101558.689981,139526.812465,192113.617772,257904.464819,350825.791335,48.0,26730.0,41.96376388077148,-422.8699151305591,-225.84410556073598
215.02,235.96,211.96,235.76,2023-05-16,-0.01242285,0.02541345,-0.01242285,0.02541345,0.0,899.3997,58.33,41.67,1.4,49.0,50.0,0.98,13.17,9.99,1.318,0.960074745252,1427056,1124360,27075.0,-3.42122018,16.07,48005534313579.0,566309,428473,0,21917.6789,0.6464652423970105,27075.0,1.2698001615690755,-0.6178614868688292,353,50132.0664618135,25978.747747747748,44136.88371428572,66205.32557142858,1542.4610285714286,44136.88371428572,27026.0,22068.441857142858,35309.50697142857,56.648812500000005,293.28445714285715,25639.92628571429,27026.0,22436.111397,29899.732527,40639.675617,55790.14073,75316.690061,101677.531582,139690.083474,192338.42463,258206.258586,351236.319461,50.0,26793.0,32.20448662640207,-435.42826749993765,-267.7609379485763
235.76,240.99,217.01,217.31,2023-05-17,0.02541345,0.02541345,0.00575629,0.00659807,6837.47558,73871.21579,63.5,36.5,1.74,50.0,49.0,1.02,8.28,8.26,1.002,1.02137673588,1155223,1332414,27007.0,-3.3906628,17.086,48005534313579.0,583294,436485,0,21946.395,0.6416657862741487,27007.0,1.3199884390338783,-0.6032781857031164,352,50064.39714359878,26017.963963963964,44122.99228571429,66184.48842857144,1542.4610285714286,44122.99228571429,27386.0,22061.496142857144,35298.39382857143,56.648812500000005,293.28445714285715,25639.92628571429,27386.0,22462.360598,29934.713815,40687.222136,55855.412584,75404.807063,101796.489536,139853.514334,192563.451586,258508.347825,351647.249518,54.0,27256.0,32.65481037068781,-411.5873382451791,-296.5262180078969
217.31,217.53,207.54,208.38,2023-05-18,0.00659807,0.0235406,0.0032537,0.01462428,3030.45592,0.0,57.63,42.37,1.36,50.0,49.0,1.02,11.39,9.32,1.222,0.977048093025,1281754,1666820,27160.0,-3.26347172,17.158,49188301954866.0,476563,429767,0,21976.0818,0.6473591981471625,27160.0,1.1789722342876656,-0.6212553909935945,351,50015.864410034745,26052.108108108107,44102.32942857143,66153.49414285715,1542.4610285714286,44102.32942857143,26872.0,22051.164714285715,35281.86354285714,56.648812500000005,293.28445714285715,25639.92628571429,26872.0,22488.635492,29969.729345,40734.815197,55920.74833,75493.010321,101915.563934,140017.105173,192788.698814,258810.73277,352058.581822,50.0,26987.0,30.292188431723318,-429.22094252426905,-323.06516291117134
208.38,215.07,208.06,208.9,2023-05-19,0.01462428,0.01818594,-0.00225915,0.00371544,0.0,0.0,64.54,35.46,1.82,46.0,53.0,0.868,10.91,7.23,1.509,1.016720502439,913486,963691,26854.0,-4.26584415,15.837,49549703178593.0,515324,475498,0,22005.6933,0.6312999122040325,26854.0,1.230164286371982,-0.6209798954005503,350,49959.28989641908,26086.54054054054,44085.65514285715,66128.48271428572,1542.4610285714286,44085.65514285715,26849.0,22042.827571428574,35268.52411428572,56.648812500000005,293.28445714285715,25639.92628571429,26849.0,22514.936102,30004.779144,40782.454836,55986.14802,75581.299902,102034.754868,140180.856114,193014.166487,259113.413655,352470.31669,51.0,27438.5,19.498289623717213,-439.97979553467667,-346.4480894358724
208.9,210.8,207.71,209.6,2023-05-20,0.00371544,0.01803883,-0.00273247,0.01803883,0.0,0.0,62.12,37.88,1.64,48.0,51.0,0.941,8.05,7.74,1.04,1.069354998664,264700,165543,26928.0,-3.78346803,14.615,49549703178593.0,423605,397813,0,22035.7016,0.6332146916163112,26928.0,1.0737231463624142,-0.6119167870104576,349,49975.07159046402,26116.62162162162,44069.946571428576,66104.91985714287,1542.4610285714286,44069.946571428576,27102.0,22034.973285714288,35255.957257142865,56.648812500000005,293.28445714285715,25639.92628571429,27102.0,22541.262447,30039.863239,40830.14109,56051.611702,75669.675874,102154.06243,140344.767286,193239.85478,259416.390711,352882.454439,48.0,26868.0,27.895266868076533,-423.2127453800422,-361.8010206247064
209.6,212.81,197.07,197.38,2023-05-21,0.01803883,0.01803883,-0.00614692,0.00763258,38.09932,0.0,62.12,37.88,1.64,47.0,52.0,0.904,7.15,8.34,0.857,1.012572227658,812288,733414,26984.0,-3.82015046,15.092,49549703178593.0,486474,379768,0,22066.4762,0.6342584807882706,26984.0,1.2491687912468366,-0.6233165770103568,348,49898.98050981586,26151.85585585585,44051.866571428574,66077.79985714286,1542.4610285714286,44051.866571428574,26754.0,22025.933285714287,35241.49325714286,56.648812500000005,293.28445714285715,25639.92628571429,26754.0,22567.614547,30074.981657,40877.873996,56117.139429,75758.138305,102273.486712,140508.838813,193465.763866,259719.664173,353294.995386,48.0,26869.0,28.150406504065046,-433.0139141149557,-376.0435993227562
197.38,197.42,178.63,178.63,2023-05-22,0.00763258,0.01423324,0.00155335,0.00155335,105.73251,1968.09156,64.29,35.71,1.8,48.0,51.0,0.941,8.48,7.48,1.134,0.913500148399,983617,1320971,26817.0,-3.85024258,16.88,49549703178593.0,499137,429593,0,22097.461,0.624858465548256,26817.0,1.1757124679904822,-0.6202866128388766,347,49948.8389872415,26186.054054054053,44026.08942857143,66039.13414285715,1542.4610285714286,44026.08942857143,26862.0,22013.04471428572,35220.871542857145,56.648812500000005,293.28445714285715,25639.92628571429,26862.0,22593.992423,30110.134426,40925.653591,56182.73125,75846.687263,102393.027805,140673.070822,193691.893919,260023.234273,353707.939849,52.0,27060.0,37.4384236453202,-427.1428763532531,-386.2634547288556
178.63,181.76,174.67,178.2,2023-05-23,0.00155335,0.02360195,0.00155335,0.00336677,0.0,0.0,62.96,37.04,1.7,48.0,51.0,0.941,8.03,8.82,0.91,0.962012085971,1256038,1350127,27228.0,-3.81134986,16.368,49549703178593.0,519716,463028,0,22127.7837,0.6425609740973252,27228.0,1.2631946589218086,-0.6051718574008333,346,49858.91551766931,26217.17117117117,44003.08371428572,66004.62557142858,1542.4610285714286,44003.08371428572,27222.0,22001.54185714286,35202.46697142858,56.648812500000005,293.28445714285715,25639.92628571429,27222.0,22620.396094,30145.321571,40973.479911,56248.387215,75935.322816,102512.685802,140837.46344,193918.245113,260327.101246,354121.288146,49.0,26767.5,42.22348592550469,-388.9573866384926,-386.80224111078303
178.2,178.2,88.73,99.84,2023-05-24,0.00336677,0.01223784,-0.00568024,0.00340913,0.0,20478.57595,59.51,40.49,1.47,50.0,49.0,1.02,7.86,7.84,1.003,0.983866709669,1982757,2256768,26641.0,-3.79286981,16.292,49549703178593.0,405380,440476,0,22152.3706,0.6137886281832524,26641.0,1.1717406149459395,-0.637995514606013,345,49872.202808311806,26242.216216216217,43980.918000000005,65971.37700000001,1542.4610285714286,43980.918000000005,26350.0,21990.459000000003,35184.73440000001,56.648812500000005,293.28445714285715,25639.92628571429,26350.0,22646.825582,30180.543121,41021.352993,56314.107376,76024.045033,102632.460795,141002.016793,194144.817621,260631.265324,354535.040593,50.0,26858.0,35.03184713375795,-424.1686709173664,-394.2755270720997
99.84,105.24,99.72,102.83,2023-05-25,0.00340913,0.00618107,-0.00080511,0.0012618,0.0,2805.48741,70.24,29.76,2.36,47.0,52.0,0.904,8.49,6.29,1.35,1.012808231211,1280355,1254922,26300.0,-4.49163768,16.479,49549703178593.0,460016,499498,0,22176.1556,0.5968710994158561,26300.0,1.214941519086287,-0.6328066293254082,344,49849.45286959333,26270.0,43960.278000000006,65940.41700000002,1542.4610285714286,43960.278000000006,26475.0,21980.139000000003,35168.222400000006,56.648812500000005,293.28445714285715,25639.92628571429,26475.0,22673.280906,30215.799102,41069.272875,56379.891782,76112.853981,102752.352875,141166.731007,194371.611619,260935.726743,354949.197511,50.0,27181.5,43.025120256547304,-436.95051847583454,-402.81052535284664
102.83,106.76,101.84,104.56,2023-05-26,0.0012618,0.0155184,-0.00122564,0.0155184,20702.15916,2.65713,65.99,34.01,1.94,48.0,51.0,0.941,8.95,7.95,1.126,0.958082742823,640725,526243,26568.0,-4.75065186,16.24,49549703178593.0,532220,546297,0,22203.4603,0.6076727769524959,26568.0,1.2370038414377973,-0.6232716051283411,343,49812.81062362648,26300.35135135135,43946.18085714286,65919.27128571429,1542.4610285714286,43946.18085714286,26709.0,21973.09042857143,35156.94468571429,56.648812500000005,293.28445714285715,25639.92628571429,26709.0,22699.762088,30251.089542,41117.239592,56445.740484,76201.74973,102872.362135,141331.606209,194598.62728,261240.485735,355363.759215,51.0,26278.0,48.83474576271186,-423.3186267512683,-406.912145632531
104.56,105.62,100.64,101.81,2023-05-27,0.0155184,0.0155184,0.00172681,0.01140387,0.0,0.0,58.51,41.49,1.41,49.0,50.0,0.98,8.43,7.4,1.139,0.963453775624,257885,257375,26722.0,-4.56860794,14.645,49549703178593.0,471488,509213,0,22238.0679,0.6130996678978009,26722.0,1.1828607677086025,-0.6183500212784967,342,49826.22000320147,26335.18918918919,43937.12942857143,65905.69414285714,1542.4610285714286,43937.12942857143,26848.0,21968.56471428572,35149.70354285715,56.648812500000005,293.28445714285715,25639.92628571429,26848.0,22726.269146,30286.414467,41165.253182,56511.653533,76290.732346,102992.488667,141496.642525,194825.864778,261545.542535,355778.726026,49.0,26456.0,50.79405737704918,-396.7259067191808,-404.874897849861
101.81,106.57,99.79,102.75,2023-05-28,0.01140387,0.01140387,0.01140387,0.01140387,11125.54504,0.0,59.68,40.32,1.48,46.0,53.0,0.868,7.28,8.18,0.89,1.08095153905,764423,683519,27302.0,-4.071867,14.803,49549703178593.0,495998,489399,0,22287.455,0.6378759801891242,27302.0,1.311955522891007,-0.5666588529630161,341,49801.01952978214,26384.03603603604,43946.192285714285,65919.28842857142,1542.4610285714286,43946.192285714285,28258.0,21973.096142857143,35156.95382857143,56.648812500000005,293.28445714285715,25639.92628571429,28258.0,22752.802102,30321.773904,41213.313681,56577.63098,76379.801899,103112.732563,141661.840083,195053.324289,261850.897377,356194.098261,48.0,26680.5,62.850512473409395,-258.89142912459647,-375.6782041048081
101.91,103.67,82.88,97.68,2023-05-29,0.01328875,0.03189025,-0.00564053,-0.00564053,1667.30586,167.71428,51.69,48.31,1.07,46.0,53.0,0.868,9.03,8.96,1.008,0.998000132319,919359,1160068,27872.0,-3.46418783,16.494,49549703178593.0,550162,489519,0,22343.1787,0.6623946101907096,27872.0,1.3978274521801524,-0.584787876399858,340,49784.28339107661,26424.34234234234,43975.47228571429,65963.20842857142,1542.4610285714286,43975.47228571429,27741.0,21987.736142857146,35180.37782857143,56.648812500000005,293.28445714285715,25639.92628571429,27741.0,22779.360975,30357.167882,41261.421127,56643.672874,76468.958456,103233.093916,141827.199009,195281.005986,262156.550495,356609.87624,50.0,26787.5,55.076469504330205,-189.19328936672537,-338.3812211571916
97.68,98.44,94.69,96.73,2023-05-30,-0.00564053,0.0196515,-0.00564053,0.00412276,0.0,0.0,59.84,40.16,1.49,46.0,53.0,0.868,10.97,10.32,1.063,0.910411572045,658693,657601,27791.0,-3.5645383,16.421,49549703178593.0,515092,529606,0,22399.3999,0.6561682608194184,27791.0,1.304782132179919,-0.5862502711823296,339,49767.27909687938,26466.92792792793,44006.98085714286,66010.47128571429,1542.4610285714286,44006.98085714286,27691.0,22003.49042857143,35205.58468571429,56.648812500000005,293.28445714285715,25639.92628571429,27691.0,22805.945787,30392.596426,41309.575556,56709.779267,76558.202087,103353.572818,141992.71943,195508.910045,262462.502124,357026.060281,52.0,28358.5,56.258234519104086,-136.41903982005897,-297.98878488976504
96.73,97.06,86.38,86.4,2023-05-31,0.00412276,0.02014578,-0.00600892,0.00521112,0.0,59840.79329,58.68,41.32,1.42,48.0,51.0,0.941,9.54,13.23,0.721,0.976315834437,1505005,1338393,27215.0,-3.75578137,16.698,49896188532214.0,421438,525064,0,22453.1576,0.6270473973375019,27215.0,1.1932052864876157,-0.6021952296886628,338,49758.20395407501,26515.72072072072,44033.68371428572,66050.52557142857,1542.4610285714286,44033.68371428572,27248.0,22016.84185714286,35226.94697142857,56.648812500000005,293.28445714285715,25639.92628571429,27248.0,22832.556558,30428.059564,41357.777005,56775.95021,76647.53286,103474.169361,142158.401473,195737.03664,262768.752499,357442.650704,51.0,27740.5,48.721275018532246,-128.8560917157447,-264.16224625496096
86.4,87.51,81.88,85.19,2023-06-01,0.00521112,0.01787482,-0.0024738,0.01787482,0.0,106370.06234,65.75,34.25,1.92,46.0,53.0,0.868,9.07,6.87,1.32,0.98434945251,1180500,1287395,26912.0,-4.24591917,16.084,51234338863443.0,355854,485968,0,22507.1079,0.611014234777762,26912.0,1.0998477730113438,-0.6176894460613092,337,49743.2416839246,26562.369369369368,44070.04942857143,66105.07414285715,1542.4610285714286,44070.04942857143,26821.0,22035.024714285715,35256.03954285714,56.648812500000005,293.28445714285715,25639.92628571429,26821.0,22859.193308,30463.557324,41406.025512,56842.185752,76736.950843,103594.883637,142324.245265,195965.385947,263075.301854,357859.647828,51.0,27691.5,49.519683556225274,-155.52493759737627,-242.43478452344405
85.19,94.32,85.18,90.14,2023-06-02,0.01787482,0.01787482,-0.00606018,-0.00606018,0.0,0.0,65.75,34.25,1.92,46.0,53.0,0.868,9.07,6.87,1.32,1.030096523437,982550,988110,27054.0,-4.7976469,15.894,51234338863443.0,479273,535192,0,22563.1034,0.6152636500124719,27054.0,1.3443073481754693,-0.6017124509023155,336,49690.381744230064,26610.630630630632,44108.39228571429,66162.58842857144,1542.4610285714286,44108.39228571429,27224.0,22054.196142857145,35286.71382857143,56.648812500000005,293.28445714285715,25639.92628571429,27224.0,22885.856057,30499.089732,41454.321113,56908.485946,76826.456104,103715.71574,142490.250933,196193.958139,263382.150424,358277.051972,52.0,27280.5,53.295834065740905,-142.49882040950615,-222.44759170065646
90.14,94.07,89.42,92.32,2023-06-03,-0.00606018,0.01960771,-0.00606018,0.00532239,0.0,0.0,61.09,38.91,1.57,48.0,51.0,0.941,9.03,8.89,1.016,1.042746408443,328099,366131,27154.0,-4.35798538,14.677,51234338863443.0,381323,470837,0,22617.1345,0.6176540638354208,27154.0,1.0823645889645106,-0.6086452869584384,335,49719.94829264997,26657.81081081081,44154.40125714286,66231.60188571429,1542.4610285714286,44154.40125714286,27052.0,22077.20062857143,35323.52100571429,56.648812500000005,293.28445714285715,25639.92628571429,27052.0,22912.544826,30534.656816,41502.663844,56974.850841,76916.048713,103836.665762,142656.418604,196422.753393,263689.298445,358694.863457,50.0,26764.5,49.55420827389444,-144.39005257958343,-206.83608387644188
92.32,92.58,88.45,89.28,2023-06-04,0.00532239,0.0133149,-0.00788177,0.0121713,6292.12212,0.0,61.83,38.17,1.62,48.0,51.0,0.941,9.19,9.2,0.999,1.036043986313,383709,380645,27164.0,-4.07975526,14.934,51234338863443.0,363872,430570,0,22672.2159,0.6159237672395652,27164.0,1.2245826860006692,-0.6067525677762777,334,49719.48907988116,26705.54954954955,44191.82982857143,66287.74474285715,1542.4610285714286,44191.82982857143,27103.0,22095.91491428572,35353.46386285715,56.648812500000005,293.28445714285715,25639.92628571429,27103.0,22939.259635,30570.258603,41551.053744,57041.280489,77005.728737,103957.733795,142822.748405,196651.771883,263996.746151,359113.082602,53.0,27197.0,53.285633590660886,-140.15794043273127,-193.50045518769977
89.28,113.35,89.15,108.12,2023-06-05,0.0121713,0.0121713,-0.00895634,-0.00895634,2.59331,49388.68457,57.98,42.02,1.38,48.0,51.0,0.941,8.24,8.07,1.021,0.971209091293,1508627,1495628,26458.0,-3.97920184,18.433,51234338863443.0,359116,434509,0,22725.0598,0.5823187808674898,26458.0,1.1445860568335735,-0.6589252112478086,333,49757.72086083072,26737.34234234234,44221.0184,66331.5276,1542.4610285714286,44221.0184,25745.0,22110.5092,35376.81472,56.648812500000005,293.28445714285715,25639.92628571429,25745.0,22966.000505,30605.89512,41599.49085,57107.77494,77095.496246,104078.919932,142989.240465,196881.013784,264304.493778,359531.709728,52.0,27061.5,41.48757811309251,-243.57542589678633,-203.51544932951708
108.12,111.06,82.42,82.66,2023-06-06,-0.00895634,0.00940815,-0.01297046,0.00940815,1188.40344,30.72792,71.83,28.17,2.55,46.0,53.0,0.868,8.7,12.35,0.704,1.066583413557,1985184,2149518,26101.0,-4.73281936,20.042,51234338863443.0,461921,545631,0,22775.592,0.5648262090801224,26101.0,1.1902561774928433,-0.6033844903193373,332,49793.6467780833,26763.53153153153,44258.42411428572,66387.63617142857,1542.4610285714286,44258.42411428572,27235.0,22129.21205714286,35406.73929142858,56.648812500000005,293.28445714285715,25639.92628571429,27235.0,22992.767457,30641.566395,41647.975197,57174.334245,77185.351308,104200.224266,143155.894909,197110.479273,264612.541561,359950.745154,53.0,27054.5,50.08451436744246,-202.96433415612773,-203.40522629483922
82.66,102.02,4.15,88.0,2023-06-07,0.00940815,0.02560008,0.00627757,0.00800205,0.0,57412.02669,55.36,44.64,1.24,48.0,51.0,0.941,5.08,8.77,0.579,0.930882103734,1213115,1271680,26702.0,-4.45277717,17.916,51234338863443.0,433646,516004,0,22829.4776,0.5890882151229012,26702.0,1.1270525118166397,-0.6399885048975271,331,49918.59588239182,26788.144144144146,44294.68914285715,66442.03371428572,1542.4610285714286,44294.68914285715,26322.0,22147.344571428574,35435.75131428572,56.648812500000005,293.28445714285715,25639.92628571429,26322.0,23019.56051,30677.272454,41696.506824,57240.958456,77275.293992,104321.64689,143322.711866,197340.168525,264920.889737,360370.189202,44.0,25738.5,49.81893429901707,-241.66545220369153,-211.0572714766097
88.0,90.97,86.33,87.02,2023-06-08,0.00800205,0.0139026,0.00369392,0.00487057,457.07968,0.0,64.91,35.09,1.85,45.0,54.0,0.833,7.49,6.93,1.081,1.048187661228,561512,453985,26474.0,-4.48687836,17.681,51234338863443.0,406852,486656,0,22882.8675,0.5770799728596019,26474.0,1.2441512406870328,-0.6324542005046574,330,49901.52987917815,26805.08108108108,44325.78057142857,66488.67085714286,1542.4610285714286,44325.78057142857,26512.0,22162.89028571429,35460.62445714286,56.648812500000005,293.28445714285715,25639.92628571429,26512.0,23046.379685,30713.013325,41745.085768,57307.647622,77365.324367,104443.187896,143489.691463,197570.081715,265229.53854,360790.042191,53.0,27170.5,50.23727074515839,-254.07612358335973,-219.6610418979597
87.02,92.05,86.44,89.92,2023-06-09,0.00487057,0.02096372,-0.00031945,0.02096372,0.0,52607.4,63.24,36.76,1.72,44.0,55.0,0.8,6.96,7.91,0.88,1.010856959713,502699,573483,26528.0,-4.72814222,15.926,51234338863443.0,386915,487564,0,22940.4821,0.5773411110283907,26528.0,1.3751126121964807,-0.6328850165558073,329,49845.828441942656,26821.567567567567,44355.552,66533.32800000001,1542.4610285714286,44355.552,26471.0,22177.776,35484.441600000006,56.648812500000005,293.28445714285715,25639.92628571429,26471.0,23073.225003,30748.789036,41793.712065,57374.401796,77455.442502,104564.847377,143656.833828,197800.219019,265538.488207,361210.304444,50.0,26347.5,48.435034192530246,-264.1747849368512,-228.563790505738
89.92,91.3,84.58,90.69,2023-06-10,0.02096372,0.02096372,0.00358553,0.00383272,48475.03332,158130.11298,62.96,37.04,1.7,45.0,54.0,0.833,7.95,8.11,0.98,0.958724706247,1330794,1378219,25836.0,-4.64984479,18.41,51234338863443.0,365215,458429,0,22995.8999,0.5456886592234497,25836.0,1.2514877428117994,-0.6565764958699312,328,49851.162880656775,26835.711711711712,44380.39771428572,66570.59657142858,1542.4610285714286,44380.39771428572,25854.0,22190.19885714286,35504.318171428575,56.648812500000005,293.28445714285715,25639.92628571429,25854.0,23100.096485,30784.599613,41842.385753,57441.221027,77545.648464,104686.625427,143824.139089,198030.580612,265847.738973,361630.97628,50.0,26474.5,43.850532046523135,-318.29567591253,-246.51016758709642
90.69,91.94,88.64,89.43,2023-06-11,0.00383272,0.00906701,-0.00182105,0.00433772,34043.05256,13971.87378,67.11,32.89,2.04,47.0,53.0,0.887,6.51,9.6,0.678,0.971387973509,384551,443822,25839.0,-4.7924918,17.252,51234338863443.0,399038,401444,0,23047.7316,0.5439849330431994,25839.0,1.2940551038158496,-0.6521601380333077,327,49756.26714956325,26845.864864864863,44408.10628571429,66612.15942857144,1542.4610285714286,44408.10628571429,25919.0,22204.053142857145,35526.485028571435,56.648812500000005,293.28445714285715,25639.92628571429,25919.0,23126.99415,30820.445085,41891.106869,57508.105368,77635.942324,104808.522138,143991.607373,198261.166672,266157.291075,362052.058022,49.0,26458.5,32.640641234971056,-351.88559703692226,-267.5852534770616
89.43,89.99,87.36,88.14,2023-06-12,0.00433772,0.00553052,0.00267034,0.00481789,190.22705,0.0,63.77,36.23,1.76,48.0,51.0,0.941,5.71,9.3,0.614,0.975154686762,425993,434680,25876.0,-4.77894766,17.291,51234338863443.0,370477,436460,0,23098.9165,0.543732497903753,25876.0,1.249073102813168,-0.6487274644145113,326,49694.80990680542,26859.864864864863,44437.96342857144,66656.94514285715,1542.4610285714286,44437.96342857144,25976.0,22218.98171428572,35550.37074285715,56.648812500000005,293.28445714285715,25639.92628571429,25976.0,23153.918019,30856.325477,41939.875449,57575.054869,77726.32415,104930.537603,144159.238808,198491.977373,266467.14475,362473.549991,47.0,25784.0,35.94073602039191,-369.64538598581566,-287.99727997881246
88.14,88.87,85.49,87.85,2023-06-13,0.00481789,0.02800732,0.00425517,0.00425517,0.0,0.0,64.16,35.84,1.79,48.0,50.0,0.96,6.77,10.58,0.64,0.94199882443,791244,848861,26001.0,-5.18847205,16.503,51234338863443.0,410336,494298,0,23151.5354,0.5471444164238335,26001.0,1.1718191008266867,-0.6501218734806233,325,49697.10103506532,26876.018018018018,44470.25485714286,66705.3822857143,1542.4610285714286,44470.25485714286,25941.0,22235.12742857143,35576.20388571429,56.648812500000005,293.28445714285715,25639.92628571429,25941.0,23180.868113,30892.240819,41988.691533,57642.069581,77816.794012,105052.671916,144327.033522,198723.012892,266777.300233,362895.452508,47.0,25898.0,36.02682848930054,-382.139290307754,-306.8256820446008
87.85,92.61,7.52,84.11,2023-06-14,0.00425517,0.01491154,0.00425517,0.0045126,0.0,148419.79569,65.4,34.6,1.89,47.0,52.0,0.904,6.82,9.29,0.734,0.978349777898,926891,905693,25839.0,-5.05726444,17.125,51935360722909.0,330537,464535,0,23203.0857,0.5385505457206683,25839.0,0.9633911433886526,-0.6851511228597609,324,49824.00731156416,26886.405405405407,44498.78057142857,66748.17085714286,1542.4610285714286,44498.78057142857,25112.0,22249.39028571429,35599.024457142856,56.648812500000005,293.28445714285715,25639.92628571429,25112.0,23207.844453,30928.191137,42037.555156,57709.149555,77907.351977,105174.925169,144494.991643,198954.273406,267087.757762,363317.765895,45.0,25989.0,33.935018050541515,-453.7041522089021,-336.2013760774611
84.11,118.29,83.83,111.85,2023-06-15,0.0045126,0.02441784,0.00148997,0.02441784,6133.02498,247.69,69.51,30.49,2.28,47.0,52.0,0.904,8.06,6.84,1.178,1.031665976539,2065393,1594150,25122.0,-5.9657689,18.703,52350439455488.0,422921,512025,0,23251.6124,0.5074524950890934,25122.0,1.1406505981869075,-0.6697868865342667,323,49748.18751958045,26906.567567567567,44532.11788571429,66798.17682857144,1542.4610285714286,44532.11788571429,25462.0,22266.058942857144,35625.69430857143,56.648812500000005,293.28445714285715,25639.92628571429,25462.0,23234.847058,30964.176458,42086.466355,57776.294843,77997.998116,105297.297456,144663.1133,199185.75909,267398.517572,363740.490474,46.0,25940.5,39.65910820270887,-476.6828428470217,-364.2976694313732
111.85,116.53,107.34,109.88,2023-06-16,0.02441784,0.02441784,0.00989158,0.00989158,14913.75806,989.57619,60.0,40.0,1.5,46.0,53.0,0.868,5.69,4.61,1.234,1.062392755556,1482471,1340697,25763.0,-6.25985888,17.227,52350439455488.0,512049,584640,0,23305.5097,0.5318554706782449,25763.0,1.1944065918094162,-0.6339263690339401,322,49628.20794643824,26935.243243243243,44572.450971428574,66858.67645714286,1542.4610285714286,44572.450971428574,26328.0,22286.225485714287,35657.960777142864,56.648812500000005,293.28445714285715,25639.92628571429,26328.0,23261.87595,31000.196811,42135.425169,57843.505495,78088.732497,105419.788871,144831.398619,199417.470121,267709.579902,364163.626569,41.0,25125.0,43.63093545635485,-420.1711863059827,-375.47237280629514
109.88,111.95,106.32,111.05,2023-06-17,0.00989158,0.028256,0.00758126,0.0150914,24729.20946,0.0,49.24,50.76,0.97,49.0,51.0,0.961,5.18,6.52,0.794,1.022509132259,727671,710973,26478.0,-5.53923301,15.896,52350439455488.0,475112,498253,0,23361.3046,0.5598246919058049,26478.0,1.128692993418222,-0.6280684217819896,321,49677.5300777049,26962.126126126128,44613.81537142857,66920.72305714287,1542.4610285714286,44613.81537142857,26509.0,22306.907685714286,35691.05229714286,56.648812500000005,293.28445714285715,25639.92628571429,26509.0,23288.931149,31036.252222,42184.431635,57910.781564,78179.555189,105542.399506,144999.847731,199649.406676,268020.944987,364587.1745,47.0,25495.5,46.14510861848644,-356.66864985581196,-371.7116282161985
111.05,118.45,110.74,117.41,2023-06-18,0.0150914,0.0150914,0.00035752,0.00627898,0.0,0.0,50.25,49.75,1.01,47.0,53.0,0.887,5.36,6.19,0.866,0.952113591093,509450,563879,26534.0,-5.50347857,15.452,52350439455488.0,439717,511945,0,23414.0709,0.5603079881062074,26534.0,1.224920374855853,-0.632232931332128,320,49632.6817564965,26987.900900900902,44654.18548571428,66981.27822857142,1542.4610285714286,44654.18548571428,26375.0,22327.09274285714,35723.34838857143,56.648812500000005,293.28445714285715,25639.92628571429,26375.0,23316.012676,31072.342719,42233.485789,57978.1231,78270.466263,105665.129455,145168.460762,199881.568931,268332.613066,365011.134591,47.0,26344.0,44.89194499017681,-313.5408090489145,-360.0774643827417
117.41,122.2,115.7,120.1,2023-06-19,0.00627898,0.01372654,0.00528019,0.00528019,264.53928,4326.34488,51.22,48.78,1.05,49.0,50.0,0.98,4.95,5.96,0.831,1.014126584154,909503,1043895,26516.0,-5.07673109,16.14,52350439455488.0,415462,452368,0,23465.7642,0.5576981597140545,26516.0,1.1449197648197296,-0.6161968975617018,319,49609.792965381566,27020.1981981982,44691.648342857145,67037.47251428572,1542.4610285714286,44691.648342857145,26789.0,22345.82417142857,35753.318674285714,56.648812500000005,293.28445714285715,25639.92628571429,26789.0,23343.120551,31108.468329,42282.587669,58045.530154,78361.465786,105787.978811,145337.237841,200113.957063,268644.584375,365435.507164,49.0,26502.5,58.443869297961825,-243.1524345244361,-336.6924584110806
120.1,170.72,10.89,158.57,2023-06-20,0.00528019,0.01542898,0.00343917,0.00788168,43247.52464,0.0,48.98,51.02,0.96,52.0,48.0,1.083,4.53,6.88,0.658,1.033759928623,2472399,2181128,27166.0,-4.7662667,17.727,52350439455488.0,447579,576095,0,23521.0901,0.5833531264233436,27166.0,1.1128878379928029,-0.5604042946903363,318,49653.38659897354,27062.783783783783,44738.294057142855,67107.44108571428,1542.4610285714286,44738.294057142855,28351.0,22369.147028571428,35790.635245714286,56.648812500000005,293.28445714285715,25639.92628571429,28351.0,23370.254796,31144.629081,42331.737313,58113.002777,78452.553828,105910.947668,145506.179097,200346.571249,268956.859152,365860.292542,47.0,26364.5,58.92228973456988,-60.62989112748255,-281.47994495436103
158.57,159.21,142.63,143.88,2023-06-21,0.00788168,0.01355402,-0.00871861,-0.00871861,246833.35677,357446.45484,39.39,60.61,0.65,51.0,49.0,1.041,4.7,7.76,0.606,1.056225883651,4980430,4320008,29296.0,-1.07073217,24.689,52350439455488.0,363159,510678,0,23585.363,0.67582063909818,29296.0,1.0475819992301931,-0.4979223128946977,317,49679.8123604519,27123.37837837838,44793.305485714285,67189.95822857143,1542.4610285714286,44793.305485714285,30195.0,22396.652742857143,35834.64438857143,56.648812500000005,293.28445714285715,25639.92628571429,30195.0,23397.415429,31180.825,42380.934758,58180.541022,78543.730459,106034.036119,145675.284659,200579.411666,269269.437634,366285.49105,49.0,26805.0,76.95198329853862,230.16275559237693,-179.15140484501345
143.88,148.09,137.67,143.77,2023-06-22,-0.00871861,0.02423659,-0.00871861,0.00374518,1732.37062,38913.42383,44.13,55.87,0.79,52.0,48.0,1.083,6.31,5.32,1.186,0.962307918634,1677097,1681827,30109.0,-0.92677964,23.195,52350439455488.0,391904,539633,0,23652.7495,0.7110305563227733,30109.0,1.261702213890072,-0.5071716710421228,316,49726.30340970295,27191.783783783783,44841.00262857143,67261.50394285715,1542.4610285714286,44841.00262857143,29945.0,22420.501314285717,35872.802102857146,56.648812500000005,293.28445714285715,25639.92628571429,29945.0,23424.602474,31217.056116,42430.180041,58248.14494,78634.995747,106157.244259,145844.554654,200812.478491,269582.32006,366711.103009,59.0,28284.5,73.69220151828847,435.4257949815328,-56.2359648797042
143.77,144.02,133.81,138.38,2023-06-23,0.00374518,0.01298925,-0.00088412,-0.00088412,6054.43822,16901.32549,44.13,55.87,0.79,51.0,49.0,1.041,4.26,5.24,0.813,1.044799282757,2087050,1788646,30327.0,-0.78883454,22.561,52350439455488.0,373876,536539,0,23720.1018,0.7185211391752391,30327.0,1.1409829582092132,-0.4821914862993548,315,49741.76608102045,27266.936936936934,44892.11691428571,67338.17537142857,1542.4610285714286,44892.11691428571,30712.0,22446.05845714285,35913.69353142857,56.648812500000005,293.28445714285715,25639.92628571429,30712.0,23451.815949,31253.322455,42479.4732,58315.814581,78726.349763,106280.57218,146013.989212,201045.771901,269895.506667,367137.128744,65.0,29975.0,76.60268473215406,652.4674834490288,85.5047247860424
138.38,139.34,134.1,137.67,2023-06-24,-0.00088412,0.00536967,-0.00648908,0.00536967,1211.868,66.8886,45.05,54.95,0.82,52.0,48.0,1.083,4.45,7.3,0.61,1.025141963421,544432,575145,30624.0,-0.97676308,20.037,52350439455488.0,361291,531570,0,23790.0234,0.7297031348518472,30624.0,1.36478995552297,-0.4885166720888598,314,49760.74791855969,27339.864864864863,44943.23691428571,67414.85537142857,1542.4610285714286,44943.23691428571,30530.0,22471.618457142857,35954.58953142857,56.648812500000005,293.28445714285715,25639.92628571429,30530.0,23479.055876,31289.624046,42528.814272,58383.549997,78817.792575,106404.019976,146183.588461,201279.292073,270208.997693,367563.568578,65.0,30022.5,81.0244161358811,800.560344972575,228.5158488233489
137.67,137.85,125.35,125.4,2023-06-25,0.00536967,0.01237825,0.0039702,0.00803801,503.05712,4368.79635,47.37,52.63,0.9,53.0,47.0,1.128,4.97,6.83,0.728,1.042566837707,587123,632824,30622.0,-1.30844496,18.606,52350439455488.0,382616,517426,0,23860.9391,0.7266360920664829,30622.0,1.420019882592298,-0.4901764903152141,313,49724.23018185928,27412.324324324323,44998.1112,67497.1668,1542.4610285714286,44998.1112,30457.0,22499.0556,35998.48896,56.648812500000005,293.28445714285715,25639.92628571429,30457.0,23506.322275,31325.960915,42578.203294,58451.35124,78909.324254,106527.587742,146353.35253,201513.039186,270522.793376,367990.422836,62.0,30622.5,80.07688229056204,901.6409590440417,363.1408708674875
125.4,125.47,115.12,115.12,2023-06-26,0.00803801,0.01401017,-0.00118058,-0.00118058,323.64668,32459.54556,49.49,50.51,0.98,53.0,47.0,1.128,6.77,7.02,0.964,1.00356463094,994778,954000,30284.0,-1.41086493,20.425,52350439455488.0,403833,542312,0,23930.4196,0.7078378623422074,30284.0,1.3501485641478264,-0.4958434389485777,312,49701.42463827486,27484.873873873872,45056.991657142855,67585.48748571429,1542.4610285714286,45056.991657142855,30271.0,22528.495828571427,36045.59332571428,56.648812500000005,293.28445714285715,25639.92628571429,30271.0,23533.615167,31362.33309,42627.640305,58519.218362,79000.944868,106651.275571,146523.281549,201747.013416,270836.893955,368417.691841,64.0,30562.0,77.98774925061906,955.7224548659142,481.6571876671728
115.12,115.72,110.22,111.76,2023-06-27,-0.00118058,0.00671999,-0.00118058,0.00314025,1380.6621,17704.65684,50.98,49.02,1.04,52.0,48.0,1.083,5.77,5.58,1.034,0.989549962892,1090617,1019800,30510.0,-1.69926983,19.079,52350439455488.0,434718,562481,0,23999.1797,0.7155928140310293,30510.0,1.2852891781913551,-0.4830514682582141,311,49722.96299478239,27565.52252252252,45121.598457142856,67682.39768571428,1542.4610285714286,45121.598457142856,30674.0,22560.799228571428,36097.27876571428,56.648812500000005,293.28445714285715,25639.92628571429,30674.0,23560.934573,31398.740599,42677.125342,58587.151413,79092.654487,106775.083557,146693.375645,201981.214941,271151.299668,368845.375918,55.0,30442.5,79.43041910210172,1019.3507213375706,589.1958944012524
111.76,113.67,105.58,109.64,2023-06-28,0.00314025,0.00314025,-0.00052725,-0.00034691,899.3606,746.18242,46.24,53.76,0.86,52.0,48.0,1.083,5.18,6.47,0.801,1.000482860448,866673,888964,30308.0,-1.13937251,19.041,52255759843019.0,331170,493562,0,24067.5412,0.7033657261688602,30308.0,1.0044725018474645,-0.5045258662277092,310,49846.65362367145,27653.09009009009,45177.15274285714,67765.72911428571,1542.4610285714286,45177.15274285714,30097.0,22588.57637142857,36141.722194285714,56.648812500000005,293.28445714285715,25639.92628571429,30097.0,23588.280513,31435.18347,42726.658442,58655.150445,79184.45318,106899.011794,146863.634949,202215.643938,271466.010753,369273.475392,59.0,30275.5,82.0002567723713,1011.5569047972713,673.6680964804561
109.64,113.58,107.45,111.84,2023-06-29,-0.00034691,0.01409486,-0.00034691,0.00769432,0.0,6.05428,53.27,46.73,1.14,52.0,48.0,1.083,5.57,5.5,1.013,0.948855427074,774088,777911,30414.0,-1.29361522,18.516,50646206431058.0,438047,580960,0,24136.5258,0.7054905495204891,30414.0,1.3308841372073468,-0.4939416708752127,309,49921.63636717747,27745.783783783783,45234.04417142858,67851.06625714287,1542.4610285714286,45234.04417142858,30463.0,22617.02208571429,36187.23533714286,56.648812500000005,293.28445714285715,25639.92628571429,30463.0,23615.653009,31471.661729,42776.239643,58723.215511,79276.341019,107023.060375,147034.059589,202450.300586,271781.02745,369701.990586,62.0,30500.0,82.03715566944267,1023.1195054588898,743.5583782761429
111.84,121.11,108.17,116.43,2023-06-30,0.00769432,0.01375237,0.00769432,0.00797318,2434.7081,13798.07062,47.37,52.63,0.9,53.0,47.0,1.128,5.96,6.32,0.943,0.991747896919,2671875,2460808,30578.0,-0.81634028,20.535,50646206431058.0,445039,591385,0,24207.4787,0.7102448060820963,30578.0,1.45612802177824,-0.4911639687488947,308,49859.96955459888,27835.846846846845,45289.244171428574,67933.86625714286,1542.4610285714286,45289.244171428574,30510.0,22644.622085714287,36231.39533714286,56.648812500000005,293.28445714285715,25639.92628571429,30510.0,23643.052081,31508.175406,42825.868982,58791.34666,79368.318071,107147.229396,147204.649694,202685.185063,272096.349997,370130.921827,54.0,30085.0,79.93129115373604,1024.268329276867,799.7003684762877
116.43,117.49,115.38,116.4,2023-07-01,0.00797318,0.01180693,0.00437855,0.00936387,1529.455,0.0,51.92,48.08,1.08,54.0,46.0,1.174,4.32,5.14,0.84,0.98043318879,206828,164244,30513.0,-0.51368572,17.432,50646206431058.0,324141,483585,0,24275.1133,0.7044800742587005,30513.0,1.2261681693227322,-0.4891141041911151,307,49878.55249210035,27911.52252252252,45343.004171428576,68014.50625714287,1542.4610285714286,45343.004171428576,30584.0,22671.502085714288,36274.40333714286,56.648812500000005,293.28445714285715,25639.92628571429,30584.0,23670.477749,31544.724527,42875.546498,58859.543946,79460.384407,107271.518949,147375.405395,202920.297546,272411.978633,370560.269439,56.0,30422.5,79.61913068759995,1019.3989652678538,843.640087834601
116.4,126.51,116.29,125.6,2023-07-02,0.00936387,0.01562754,0.00055948,0.01562754,0.0,19997.38592,47.64,52.36,0.91,53.0,47.0,1.128,4.51,5.68,0.794,0.942051386383,446851,487862,30543.0,-0.14639737,17.092,50646206431058.0,309749,406273,0,24340.2321,0.7032012093590395,30543.0,1.576969582816593,-0.487355481848045,306,49839.75219804804,27969.288288288288,45399.00988571429,68098.51482857144,1542.4610285714286,45399.00988571429,30614.0,22699.504942857144,36319.20790857143,56.648812500000005,293.28445714285715,25639.92628571429,30614.0,23697.930035,31581.30912,42925.272227,58927.80742,79552.540096,107395.92913,147546.326819,203155.638214,272727.913597,370990.033747,59.0,30469.0,81.28413284132841,1006.3600166537544,876.1840735984317
125.6,129.58,120.66,120.88,2023-07-03,0.01562754,0.01562754,0.00823543,0.00979602,80389.05764,0.0,49.75,50.25,0.99,52.0,48.0,1.083,3.82,4.78,0.799,1.009083830617,1294127,1144414,30825.0,-0.00061839,18.922,50646206431058.0,327977,489869,0,24408.6433,0.7134513056900252,30825.0,1.2633993672599528,-0.4702695517792055,305,49861.25746910014,28027.33333333333,45448.79274285714,68173.18911428572,1542.4610285714286,45448.79274285714,31155.0,22724.39637142857,36359.03419428571,56.648812500000005,293.28445714285715,25639.92628571429,31155.0,23725.408959,31617.929213,42975.046207,58996.137133,79644.785209,107520.460033,147717.414097,203391.207245,273044.155129,371420.215077,63.0,30567.5,81.62851347435526,1027.8325211110387,906.5137631009532
120.88,137.78,119.92,129.94,2023-07-04,0.00979602,0.01530727,0.00178296,0.01240551,15.6045,3.08779,43.82,56.18,0.78,52.0,48.0,1.083,3.22,6.18,0.521,1.026295816942,794003,887661,30990.0,0.03954598,19.184,50646206431058.0,375666,476122,0,24481.3165,0.7181764357895789,30990.0,1.321485837909612,-0.4814155178857984,304,49801.90319312236,28084.55855855856,45491.272742857145,68236.90911428572,1542.4610285714286,45491.272742857145,30773.0,22745.636371428573,36393.01819428572,56.648812500000005,293.28445714285715,25639.92628571429,30773.0,23752.914543,31654.584834,43024.868477,59064.533137,79737.119815,107645.111751,147888.667359,203627.004817,273360.703469,371850.813755,62.0,30683.5,71.16392869626004,1002.4695827671894,925.7049270342004
129.94,144.26,125.72,126.31,2023-07-05,0.01240551,0.01240551,-0.00037339,0.00285284,0.0,3002.38004,47.64,52.36,0.91,51.0,49.0,1.041,4.11,4.38,0.938,1.029824320892,667752,665833,30602.0,-1.27872795,18.589,50646206431058.0,496071,561502,0,24555.5726,0.6974183558086515,30602.0,1.4412761542878418,-0.4897616359663743,303,49726.45312753851,28133.52252252252,45532.30131428572,68298.45197142857,1542.4610285714286,45532.30131428572,30471.0,22766.150657142854,36425.84105142857,56.648812500000005,293.28445714285715,25639.92628571429,30471.0,23780.446806,31691.27601,43074.739073,59132.995485,79829.543984,107769.884379,148060.086733,203863.031109,273677.558854,372281.830107,64.0,31134.5,53.30143540669856,947.0830118964623,929.9805440066528
126.31,131.67,123.57,128.22,2023-07-06,0.00285284,0.00795798,-0.00157305,-0.00157305,27536.58146,37832.44869,54.13,45.87,1.18,52.53,47.47,1.107,4.48,5.56,0.806,0.96518075866,1585482,1711459,30520.0,-0.54649214,19.884,50646206431058.0,392549,535389,0,24629.4509,0.6908428811884668,30520.0,1.2698649775543307,-0.5082125170980127,302,49781.41241593388,28155.26126126126,45571.18131428571,68356.77197142856,1542.4610285714286,45571.18131428571,29947.0,22785.590657142857,36456.94505142857,56.648812500000005,293.28445714285715,25639.92628571429,29947.0,23808.005771,31728.002769,43124.658034,59201.524227,79922.057786,107894.778011,148231.67235,204099.286299,273994.721527,372713.264458,61.0,30802.0,50.02245172878311,851.0954362923658,914.2035224637955
128.22,128.97,109.68,112.09,2023-07-07,-0.00157305,0.00778023,-0.01072465,-0.00050345,0.0,25298.14906,57.98,42.02,1.38,52.53,47.47,1.107,6.41,3.57,1.796,1.023007345914,656284,798785,30191.0,-2.07647487,18.469,50646206431058.0,555839,614696,0,24702.6342,0.6732834168997344,30191.0,1.568665730243724,-0.4934215369430248,301,49712.23117049428,28184.054054054053,45614.90131428572,68422.35197142858,1542.4610285714286,45614.90131428572,30351.0,22807.450657142857,36491.92105142857,56.648812500000005,293.28445714285715,25639.92628571429,30351.0,23835.591456,31764.765139,43174.625397,59270.119416,80014.661291,108019.792743,148403.424339,204335.770566,274312.191725,373145.117135,56.0,30443.5,45.58787582498167,798.4203222288415,891.0468824168047
112.09,114.94,112.04,113.41,2023-07-08,-0.00050345,0.00930373,-0.00761241,0.00354376,0.0,0.0,54.13,45.87,1.18,50.51,49.49,1.021,5.89,4.59,1.283,1.055055272194,206115,240934,30230.0,-2.30486979,16.369,50646206431058.0,573519,557341,0,24775.3879,0.6723003559253202,30230.0,1.6141619335118904,-0.4928302732214646,300,49596.08885825706,28202.72972972973,45659.55274285714,68489.32911428572,1542.4610285714286,45659.55274285714,30298.0,22829.77637142857,36527.64219428572,56.648812500000005,293.28445714285715,25639.92628571429,30298.0,23863.203885,31801.563148,43224.6412,59338.781103,80107.354569,108144.928668,148575.34283,204572.484089,274629.969689,373577.388464,55.0,29966.0,47.07218576476527,743.8239186493993,861.6022896633237
113.41,117.71,113.01,117.37,2023-07-09,0.00354376,0.00608899,-0.00254096,0.00608899,0.0,0.0,55.56,44.44,1.25,51.52,48.48,1.063,6.1,4.32,1.412,0.943707646096,198136,216504,30274.0,-2.45030496,16.509,50646206431058.0,594096,589914,0,24848.2262,0.6715419430843046,30274.0,1.5271161882174735,-0.4972147249395924,299,49557.53277510374,28222.17117117117,45702.32988571429,68553.49482857143,1542.4610285714286,45702.32988571429,30142.0,22851.164942857144,36561.86390857143,56.648812500000005,293.28445714285715,25639.92628571429,30142.0,23890.843076,31838.396823,43274.705481,59407.50934,80200.13769,108270.185881,148747.427954,204809.427046,274948.05566,374010.078773,58.0,30326.0,46.10630407911001,680.1278882820407,825.3074093870672
117.37,124.37,116.93,123.54,2023-07-10,0.00608899,0.01426937,-0.00408741,0.01426937,12047.76023,2.98904,56.14,43.86,1.28,52.53,47.47,1.107,4.7,4.32,1.088,0.967309107342,800244,750212,30263.0,-1.29027156,18.886,50646206431058.0,506961,504025,0,24921.6115,0.6683412364308063,30263.0,1.3828947068604025,-0.4861117823530474,298,49476.99843091799,28241.73873873874,45754.324171428576,68631.48625714287,1542.4610285714286,45754.324171428576,30429.0,22877.162085714288,36603.459337142864,56.648812500000005,293.28445714285715,25639.92628571429,30429.0,23918.509052,31875.266192,43324.818278,59476.30418,80293.010724,108395.564477,148919.679839,205046.599617,275266.449878,374443.188387,55.0,30265.5,51.905451037144246,645.3674327146509,789.3194140525841
123.54,130.42,123.39,127.76,2023-07-11,0.01426937,0.01924364,0.00492339,0.00492339,0.0,18.2106,51.69,48.31,1.07,52.0,48.0,1.083,4.54,4.51,1.007,1.013624111879,777554,644117,30505.0,-1.08761118,17.626,50646206431058.0,432158,520492,0,24995.8296,0.6763111044383435,30505.0,1.2222814145827947,-0.4808099475546736,297,49525.911419909695,28270.55855855856,45807.84988571429,68711.77482857143,1542.4610285714286,45807.84988571429,30621.0,22903.924942857146,36646.27990857144,56.648812500000005,293.28445714285715,25639.92628571429,30621.0,23946.201833,31912.171284,43374.979628,59545.165674,80385.973741,108521.06455,149092.098616,205284.001981,275585.152582,374876.717634,56.0,30020.0,49.32655654383736,626.0950822534251,756.6745476927523
127.76,138.01,125.32,135.07,2023-07-12,0.00492339,0.01818653,0.00349671,0.00349671,0.0,39.49625,49.75,50.25,0.99,52.53,47.47,1.107,4.82,4.96,0.972,0.995589056369,1033883,836696,30586.0,-2.5005187,18.052,53503052179805.0,478176,582942,0,25070.5938,0.6771337277461432,30586.0,1.3105036470791591,-0.4862529022615423,296,49436.82098781086,28288.09009009009,45850.62702857144,68775.94054285715,1542.4610285714286,45850.62702857144,30400.0,22925.31351428572,36680.50162285715,56.648812500000005,293.28445714285715,25639.92628571429,30400.0,23973.92144,31949.112126,43425.189569,59614.093875,80479.026811,108646.686195,149264.684416,205521.634317,275904.164015,375310.666842,57.0,30485.0,54.23302598491199,586.231046054425,722.5858473650869
135.07,145.89,134.93,142.58,2023-07-13,0.00349671,0.01435738,-0.00511084,0.01435738,80299.65163,19831.21657,56.33,43.67,1.29,50.51,49.49,1.021,5.61,5.24,1.071,1.02361951718,1886951,1734565,30689.0,-1.48103273,20.192,53911173001055.0,375739,510378,0,25146.0864,0.6789073979371997,30689.0,1.0828664213372237,-0.4521264535865672,295,49451.988547945926,28322.513513513517,45894.03274285715,68841.04911428572,1542.4610285714286,45894.03274285715,31465.0,22947.016371428574,36715.22619428572,56.648812500000005,293.28445714285715,25639.92628571429,31465.0,24001.667894,31986.088745,43475.44814,59683.088833,80572.170005,108772.429507,149437.437368,205759.496804,276223.484415,375745.036337,64.0,30566.0,61.711079943899016,633.2751083366384,704.7236995593972
142.58,144.68,134.15,143.16,2023-07-14,0.01435738,0.01698904,0.00863861,0.01566326,2358.20953,15094.88428,45.65,54.35,0.84,52.0,48.0,1.083,4.12,7.36,0.56,0.965961339483,1356460,1557361,31030.0,-1.19938721,22.422,53911173001055.0,421528,576559,0,25222.9752,0.6912013395550001,31030.0,1.2870222991119815,-0.4896129187065856,294,49467.779082073255,28346.47747747748,45930.94131428572,68896.41197142858,1542.4610285714286,45930.94131428572,30317.0,22965.470657142858,36744.753051428575,56.648812500000005,293.28445714285715,25639.92628571429,30317.0,24029.441216,32023.10117,43525.755378,59752.150602,80665.403393,108898.29458,149610.357603,205997.589621,276543.114025,376179.826448,57.0,30411.0,48.20598624279606,571.3378339613155,678.0465264397809
143.16,143.36,135.63,138.22,2023-07-15,0.01566326,0.01711388,-0.02665947,-0.01016333,0.0,0.0,61.69,38.31,1.61,49.0,51.0,0.961,4.04,4.31,0.937,1.050656129911,155264,230608,30312.0,-2.85581617,18.216,53911173001055.0,484842,581494,0,25297.461,0.6569185646650586,30312.0,1.2387859746106102,-0.4906964343413893,293,49500.17234793541,28367.18918918919,45968.912742857145,68953.36911428571,1542.4610285714286,45968.912742857145,30304.0,22984.45637142857,36775.13019428572,56.648812500000005,293.28445714285715,25639.92628571429,30304.0,24057.241427,32060.149429,43576.111321,59821.279233,80758.727045,109024.281511,149783.44525,206235.912949,276863.053084,376615.037501,60.0,31409.0,47.36743136517488,515.2634698899201,645.4899151298088
138.22,142.2,138.08,142.2,2023-07-16,-0.01016333,0.00468396,-0.01016333,-0.00861897,3.05202,2336.45034,58.51,41.49,1.41,49.0,51.0,0.961,4.93,4.52,1.091,0.981671470418,219715,216184,30295.0,-3.49409535,17.349,53911173001055.0,594990,598413,0,25373.3624,0.6534994389676556,30295.0,1.3889778333853713,-0.4898309743554598,292,49419.8135346395,28395.68468468469,46008.64988571429,69012.97482857143,1542.4610285714286,46008.64988571429,30281.0,23004.324942857143,36806.91990857143,56.648812500000005,293.28445714285715,25639.92628571429,30281.0,24085.068547,32097.23355,43626.516007,59890.474778,80852.141031,109150.390392,149956.700442,206474.466966,277183.301836,377050.669826,56.0,30259.5,46.86499717567313,463.62385735661155,609.1167035751694
142.2,154.89,141.83,152.89,2023-07-17,-0.00861897,0.0128838,-0.00974364,0.0128838,0.0,6696.61732,57.63,42.37,1.36,51.0,49.0,1.041,3.88,5.41,0.717,0.98867863614,616106,564823,30179.0,-2.55486028,18.552,53911173001055.0,428476,545448,0,25449.3787,0.6458563992008348,30179.0,1.2163204343764198,-0.4941805588828831,291,49410.67318713736,28421.3963963964,46047.63845714286,69071.45768571428,1542.4610285714286,46047.63845714286,30144.0,23023.81922857143,36838.110765714286,56.648812500000005,293.28445714285715,25639.92628571429,30144.0,24112.922599,32134.35356,43676.969473,59959.73729,80945.645423,109276.62132,150130.123307,206713.251853,277503.860519,377486.72375,57.0,30287.0,39.69839005502344,406.9532337780147,568.6840096157384
152.89,168.55,152.52,167.4,2023-07-18,0.0128838,0.01925761,-0.00011526,0.012524,0.0,6441.64872,60.0,40.0,1.5,51.52,48.48,1.063,5.15,4.79,1.075,0.955248732483,754239,777829,29952.0,-3.67900086,17.755,53911173001055.0,582522,611948,0,25524.9749,0.6335953987874526,29952.0,1.4397844526640895,-0.5025192222933121,290,49350.038227653735,28434.504504504504,46086.72417142858,69130.08625714286,1542.4610285714286,46086.72417142858,29857.0,23043.36208571429,36869.37933714286,56.648812500000005,293.28445714285715,25639.92628571429,29857.0,24140.803601,32171.509487,43727.471759,60029.066821,81039.240289,109402.97439,150303.713978,206952.267789,277824.729377,377923.199601,54.0,30290.5,40.48212801330008,335.0209419853418,521.9513960896592
167.4,178.39,166.79,178.21,2023-07-19,0.012524,0.012524,0.00261218,0.00642051,21.13853,148.824,61.83,38.17,1.62,51.0,49.0,1.041,6.71,6.29,1.067,1.021132676453,520940,383878,29986.0,-3.1800142,17.894,53911173001055.0,480101,587844,0,25600.7862,0.6324581111200942,29986.0,1.3014456836317985,-0.4994530978211688,289,49294.53015365861,28451.46846846847,46127.03845714286,69190.55768571429,1542.4610285714286,46127.03845714286,29915.0,23063.51922857143,36901.63076571429,56.648812500000005,293.28445714285715,25639.92628571429,29915.0,24168.711577,32208.70136,43778.022902,60098.463422,81132.925701,109529.449697,150477.472584,207191.514954,278145.90865,378360.097709,56.0,30119.0,43.91418563922942,279.4726114698824,473.4556391657038
178.21,185.36,178.01,182.08,2023-07-20,0.00642051,0.00897036,0.00415997,0.00670052,21.2121,935.28156,60.16,39.84,1.51,52.0,48.0,1.083,6.75,5.68,1.188,1.04268278551,687394,737534,29996.0,-2.51505837,18.649,53911173001055.0,400272,529630,0,25676.9508,0.6303091909139362,29996.0,1.126953306484424,-0.5041081395214686,288,49329.18317983307,28463.045045045044,46167.7756,69251.6634,1542.4610285714286,46167.7756,29797.0,23083.8878,36934.22048,56.648812500000005,293.28445714285715,25639.92628571429,29797.0,24196.646546,32245.929206,43828.62294,60167.927147,81226.70173,109656.047335,150651.399255,207430.993529,278467.398581,378797.418402,50.0,29882.5,48.19798173954829,223.35386122022828,423.43528357660875
182.08,193.04,182.08,190.52,2023-07-21,0.00670052,0.01077454,-0.00715981,0.01077454,0.0,0.0,62.41,37.59,1.66,50.0,50.0,1.0,7.78,6.45,1.206,1.011106968274,435675,441099,29857.0,-2.32991076,18.04,53911173001055.0,323735,496718,0,25751.7216,0.6219836375055351,29857.0,0.9821154803149934,-0.501584144935654,287,49388.13178552596,28475.414414414416,46205.8956,69308.84340000001,1542.4610285714286,46205.8956,29908.0,23102.9478,36964.71648,56.648812500000005,293.28445714285715,25639.92628571429,29908.0,24224.60853,32283.193054,43879.271911,60237.458047,81320.568445,109782.767401,150825.494124,207670.703693,278789.19941,379235.162009,56.0,29909.5,44.275006461617984,185.6955371075892,375.8873342828049
190.52,203.26,190.5,203.13,2023-07-22,0.01077454,0.01077454,-0.00542322,-0.00090546,0.0,115.91346,56.9,43.1,1.32,52.0,48.0,1.083,7.99,7.23,1.105,0.968401490787,342024,297261,29884.0,-2.38592005,15.429,53911173001055.0,288616,418297,0,25826.8191,0.6206146312612756,29884.0,1.1785029193067362,-0.505673731909706,286,49447.92561649015,28490.099099099098,46245.02702857143,69367.54054285714,1542.4610285714286,46245.02702857143,29822.0,23122.513514285714,36996.02162285714,56.648812500000005,293.28445714285715,25639.92628571429,29822.0,24252.59755,32320.492932,43929.969854,60307.056175,81414.525917,109909.609989,150999.757321,207910.645626,279111.311381,379673.328859,50.0,29758.0,43.90056381342902,147.21456480158668,330.1527803865613
203.13,203.17,185.51,185.51,2023-07-23,-0.00090546,0.0080918,-0.00755695,0.00105357,0.0,0.0,60.78,39.22,1.55,51.0,49.0,1.041,8.21,6.83,1.202,0.993124172893,652095,743801,29942.0,-3.76572946,15.909,53911173001055.0,559477,552880,0,25901.3281,0.6205513525984736,29942.0,1.288196132524273,-0.4977202147806654,285,49480.60199406715,28510.414414414416,46284.30131428572,69426.45197142857,1542.4610285714286,46284.30131428572,30080.0,23142.150657142854,37027.44105142858,56.648812500000005,293.28445714285715,25639.92628571429,30080.0,24280.613626,32357.828866,43980.716805,60376.721583,81508.574218,110036.575194,151174.188977,208150.81951,279433.734735,380111.919282,52.0,29918.0,49.225774225774224,135.96919259829156,291.3160628289073
185.51,219.52,185.51,204.1,2023-07-24,0.00105357,0.0206402,-0.0163503,0.0206402,0.0,16522.76602,54.55,45.45,1.2,52.0,48.0,1.083,6.72,8.09,0.831,0.980529376538,1421393,1629768,29444.0,-3.59075549,18.074,53911173001055.0,529773,546316,0,25973.8429,0.5977482571771834,29444.0,1.324810518834986,-0.5281655505131457,284,49463.63575800081,28519.26126126126,46314.90702857143,69472.36054285715,1542.4610285714286,46314.90702857143,29168.0,23157.45351428572,37051.92562285715,56.648812500000005,293.28445714285715,25639.92628571429,29168.0,24308.656781,32395.200887,44031.512804,60446.454323,81602.713417,110163.663113,151348.789223,208391.225525,279756.469714,380550.933607,54.0,29777.5,36.37934759127241,52.85707258034745,243.62426477919536
204.1,204.74,199.14,200.93,2023-07-25,0.0206402,0.0206402,0.00288911,0.00973815,0.0,0.0,66.22,33.78,1.96,48.48,51.52,0.941,7.32,4.82,1.519,1.01238425188,363036,384458,29182.0,-3.68421315,17.932,53911173001055.0,462448,572783,0,26045.4199,0.5849011888251597,29182.0,1.1811041899643182,-0.5277777615493857,283,49529.21607803176,28529.315315315314,46349.80988571429,69524.71482857144,1542.4610285714286,46349.80988571429,29218.0,23174.904942857145,37079.84790857144,56.648812500000005,293.28445714285715,25639.92628571429,29218.0,24336.727034,32432.609021,44082.357889,60516.254447,81696.943586,110290.873841,151523.55819,208631.86385,280079.516561,380990.372164,55.0,30065.0,34.36594606641408,-8.873016579931573,193.12480850736998
200.93,226.57,197.06,225.6,2023-07-26,0.00973815,0.01687888,-0.00097383,-0.00097383,317.7954,0.0,61.24,38.76,1.58,50.51,49.49,1.021,7.06,7.24,0.975,0.963160635561,1352459,1143744,29284.0,-3.38910649,17.928,53251647610384.0,452602,587880,0,26116.8146,0.5867421590622856,29284.0,1.23378111290916,-0.5245779460160342,282,49592.341678145895,28540.963963963964,46380.2556,69570.3834,1542.4610285714286,46380.2556,29349.0,23190.1278,37104.20448000001,56.648812500000005,293.28445714285715,25639.92628571429,29349.0,24364.824407,32470.053297,44133.252097,60586.122009,81791.264794,110418.207473,151698.496009,208872.734667,280402.875519,381430.235283,50.0,29142.0,38.04866954741869,-46.68578710060319,145.16268938577537
225.6,258.9,225.38,253.02,2023-07-27,-0.00097383,0.0082683,-0.01302698,-0.01302698,0.0,0.0,55.95,44.05,1.27,51.0,49.0,1.041,6.13,7.45,0.823,1.028070381734,793975,533593,29360.0,-2.97899561,16.688,52328312063444.0,412900,557475,0,26188.6747,0.5875276583366295,29360.0,1.1871566493554964,-0.5287674071754171,281,49605.40614461668,28552.69369369369,46410.64988571429,69615.97482857143,1542.4610285714286,46410.64988571429,29234.0,23205.324942857143,37128.51990857144,56.648812500000005,293.28445714285715,25639.92628571429,29234.0,24392.948921,32507.533742,44184.195468,60656.057061,81885.677114,110545.664104,151873.602812,209113.838157,280726.54683,381870.523293,51.0,29181.0,17.638526254714236,-84.95293452163605,99.13956460429308
253.02,253.02,233.69,237.08,2023-07-28,-0.01302698,0.01866861,-0.01302698,0.01866861,0.0,4222.53472,60.63,39.37,1.54,49.0,51.0,0.961,5.82,7.35,0.792,0.994995962739,498044,715436,29270.0,-3.30784829,16.533,52328312063444.0,449085,579099,0,26258.1017,0.5817481014496885,29270.0,1.1988129490527435,-0.5265694958018479,280,49626.8673734513,28564.90990990991,46438.67274285715,69658.00911428573,1542.4610285714286,46438.67274285715,29311.0,23219.336371428573,37150.93819428572,56.648812500000005,293.28445714285715,25639.92628571429,29311.0,24421.100598,32545.050386,44235.188039,60726.059654,81980.180615,110673.243831,152048.87873,209355.1745,281050.530737,382311.236527,51.0,29299.0,28.829966329966325,-107.82374307632927,57.74690306816862
237.08,237.28,229.79,229.79,2023-07-29,0.01866861,0.02069195,-0.00430066,0.00015459,0.0,0.0,56.14,43.86,1.28,50.0,50.0,1.0,7.46,9.01,0.828,1.021617616224,187635,120223,29331.0,-3.32553378,15.532,52328312063444.0,422987,570162,0,26327.6056,0.5819939154153566,29331.0,1.132937210157667,-0.5254021007464313,279,49623.08345576874,28573.846846846845,46466.70702857143,69700.06054285714,1542.4610285714286,46466.70702857143,29343.0,23233.353514285714,37173.36562285714,56.648812500000005,293.28445714285715,25639.92628571429,29343.0,24449.279457,32582.603255,44286.229848,60796.129842,82074.775369,110800.946749,152224.323894,209596.743878,281374.827483,382752.375313,52.0,29211.0,29.937369519832984,-121.9610005698778,21.805322340559336
229.79,232.66,228.55,228.55,2023-07-30,0.00015459,0.01897325,-0.00744877,0.01897325,0.0,101.98685,56.33,43.67,1.29,50.0,50.0,1.0,8.14,10.69,0.761,1.033228895477,302753,346408,29310.0,-4.56398475,15.246,52328312063444.0,645686,673349,0,26395.9375,0.5790204641814234,29310.0,1.4413528469854058,-0.5263294716433773,278,49584.48841611814,28570.423423423425,46495.015600000006,69742.5234,1542.4610285714286,46495.015600000006,29293.0,23247.507800000003,37196.012480000005,56.648812500000005,293.28445714285715,25639.92628571429,29293.0,24477.485521,32620.192379,44337.320934,60866.267678,82169.461447,110928.772953,152399.938437,209838.546472,281699.437311,383193.939982,52.0,29305.0,29.603633360858794,-135.63593449707332,-9.682929026967198
228.55,250.67,227.13,246.54,2023-07-31,0.01897325,0.01897325,-0.00202566,0.00486464,76.6883,0.0,59.84,40.16,1.49,51.0,49.0,1.041,7.33,8.35,0.878,1.044137161145,587886,584864,29337.0,-2.9164684,17.232,52328312063444.0,445525,533148,0,26458.0459,0.5780912474663127,29337.0,1.2071290253446487,-0.5287455677341875,277,49575.47716045668,28561.018018018018,46523.95845714286,69785.93768571428,1542.4610285714286,46523.95845714286,29217.0,23261.97922857143,37219.16676571429,56.648812500000005,293.28445714285715,25639.92628571429,29217.0,24505.718811,32657.817786,44388.461334,60936.473212,82264.238919,111056.722541,152575.722489,210080.582462,282024.360465,383635.930867,52.0,29343.0,30.368487928843706,-150.86688347710515,-37.91971991699479
246.54,248.75,218.53,218.53,2023-08-01,0.00486464,0.01457862,0.00486464,0.01457862,3401.57114,57931.11717,61.69,38.31,1.61,49.0,51.0,0.961,7.57,7.27,1.041,1.032673987396,1296823,1260821,29019.0,-3.24128142,17.033,52328312063444.0,412080,572998,0,26513.679,0.5638208458261001,29019.0,1.1860751866672588,-0.5123640710073882,276,49624.61949613792,28558.711711711712,46557.289885714286,69835.93482857142,1542.4610285714286,46557.289885714286,29729.0,23278.644942857143,37245.83190857143,56.648812500000005,293.28445714285715,25639.92628571429,29729.0,24533.979347,32695.479502,44439.651088,61006.746499,82359.107856,111184.795606,152751.676183,210322.85203,282349.597187,384078.348297,50.0,29259.0,47.525135344160866,-120.23737759562209,-54.383251452720245
218.53,218.53,180.66,182.34,2023-08-02,0.01457862,0.01692304,0.01228223,0.01228223,160.69337,0.0,56.33,43.67,1.29,50.0,50.0,1.0,3.98,7.92,0.503,0.960545842775,1125667,1286111,29450.0,-2.70970432,16.977,52328312063444.0,390614,544288,0,26559.7547,0.5790503722115431,29450.0,1.336066674389307,-0.53156712849011,275,49604.95111259976,28547.216216216217,46590.08988571429,69885.13482857143,1542.4610285714286,46590.08988571429,29152.0,23295.044942857145,37272.07190857143,56.648812500000005,293.28445714285715,25639.92628571429,29152.0,24562.267151,32733.177558,44490.890234,61077.087591,82454.068331,111312.992246,152927.79965,210565.355358,282675.147722,384521.192604,53.0,29216.0,37.713365539452504,-140.89816498083746,-71.6862341583437
182.34,182.61,136.78,138.48,2023-08-03,0.01228223,0.02828297,0.00803785,0.02828297,0.0,0.0,64.66,35.34,1.83,50.0,50.0,1.0,5.37,6.66,0.806,0.99574127313,516306,807141,29187.0,-3.18771021,17.612,52328312063444.0,475856,562037,0,26604.9219,0.5671662675152539,29187.0,1.283520904930598,-0.5297526357296913,274,49557.48770046651,28535.576576576572,46623.975600000005,69935.96340000001,1542.4610285714286,46623.975600000005,29177.0,23311.987800000003,37299.18048,56.648812500000005,293.28445714285715,25639.92628571429,29177.0,24590.582244,32770.911981,44542.17881,61147.496541,82549.120412,111441.312557,153104.093021,210808.092627,283001.012313,384964.464119,53.0,29688.5,39.7078353253652,-153.48541247659523,-88.04606982199401
138.48,148.46,138.48,143.26,2023-08-04,0.02828297,0.02828297,0.00466934,0.00466934,0.0,1069.70805,61.83,38.17,1.62,49.0,51.0,0.961,6.53,6.75,0.967,0.981422915619,607288,564777,29173.0,-2.50093426,16.941,52328312063444.0,318365,505034,0,26648.4576,0.5650765946135735,29173.0,1.0289771808775086,-0.5347531677566923,273,49642.04756265843,28524.45045045045,46670.54702857143,70005.82054285715,1542.4610285714286,46670.54702857143,29081.0,23335.27351428572,37336.43762285715,56.648812500000005,293.28445714285715,25639.92628571429,29081.0,24618.924648,32808.682799,44593.516854,61217.9734,82644.264173,111569.756633,153280.55643,211051.064019,283327.191204,385408.163175,52.0,29182.0,36.20286953620287,-169.2562142185525,-104.2880987013057
143.26,154.68,140.49,153.51,2023-08-05,0.00466934,0.03014586,0.00466934,0.02143341,0.0,0.0,65.4,34.6,1.89,48.0,52.0,0.923,6.46,5.49,1.177,0.883566853675,437704,362790,29069.0,-3.59866446,16.956,52328312063444.0,500569,591095,0,26690.5894,0.5595553734830969,29069.0,1.3041754404696322,-0.5367998880951514,272,49666.78140873893,28512.945945945947,46715.47845714286,70073.21768571429,1542.4610285714286,46715.47845714286,29036.0,23357.73922857143,37372.38276571429,56.648812500000005,293.28445714285715,25639.92628571429,29036.0,24647.294383,32846.49004,44644.904405,61288.518223,82739.499683,111698.324572,153457.190007,211294.269715,283653.684639,385852.290103,54.0,29206.5,36.70500676589987,-183.27315331303544,-120.08510962365166
153.51,175.35,153.51,175.31,2023-08-06,0.02143341,0.02143341,0.01769403,0.02025795,588.38762,0.0,65.87,34.13,1.93,48.0,52.0,0.923,7.62,4.7,1.621,0.999133472779,417639,189781,29080.0,-4.26062007,16.386,52328312063444.0,607111,639505,0,26733.2678,0.5584724225743999,29080.0,1.3855846261039255,-0.5363928934225779,271,49658.54020361193,28509.207207207208,46758.44988571429,70137.67482857144,1542.4610285714286,46758.44988571429,29043.0,23379.224942857145,37406.75990857143,56.648812500000005,293.28445714285715,25639.92628571429,29043.0,24675.69147,32884.333734,44696.341502,61359.131061,82834.827015,111827.01647,153633.993886,211537.709898,283980.492861,386296.845235,50.0,29064.0,30.83179297597043,-191.60809814987442,-134.3897073288962
175.31,176.48,167.47,170.15,2023-08-07,0.02025795,0.02381347,0.01961803,0.01961803,0.0,1310.07384,64.29,35.71,1.8,48.0,52.0,0.923,5.79,5.37,1.078,0.980205493729,783706,703842,29095.0,-3.08038719,16.412,52328312063444.0,427388,500738,0,26777.8571,0.557506451629831,29095.0,1.2332281471534496,-0.5321217849396263,270,49658.01056396915,28498.08108108108,46802.8156,70204.2234,1542.4610285714286,46802.8156,29167.0,23401.4078,37442.25248,56.648812500000005,293.28445714285715,25639.92628571429,29167.0,24704.115931,32922.213907,44747.828181,61429.811967,82930.246239,111955.832423,153810.968197,211781.384749,284307.616117,386741.828903,49.0,29038.5,49.97391757955138,-186.0630196243219,-144.72436978798135
170.15,208.18,164.21,206.31,2023-08-08,0.01961803,0.01961803,0.0122943,0.01285489,15740.50247,0.0,62.83,37.17,1.69,47.0,53.0,0.887,5.94,6.0,0.99,1.02608729472,1506083,1254967,29463.0,-2.02153496,17.815,52328312063444.0,331069,476592,0,26821.3487,0.570146442545922,29463.0,1.0600971390616636,-0.5128525013348852,269,49712.32541801062,28506.297297297297,46849.83845714286,70274.75768571428,1542.4610285714286,46849.83845714286,29767.0,23424.91922857143,37479.87076571429,56.648812500000005,293.28445714285715,25639.92628571429,29767.0,24732.567788,32960.130589,44799.364483,61500.560995,83025.757427,112084.772526,153988.113074,212025.29445,284635.054649,387187.241441,49.0,29053.0,61.12687474665586,-131.73496072681883,-142.12648797574886
206.31,218.09,204.39,215.6,2023-08-09,0.01285489,0.01285489,0.00577152,0.00620321,825.52912,4069.31113,43.5,56.5,0.77,50.0,50.0,1.0,5.43,6.3,0.862,1.067878776682,849135,760691,29732.0,-2.8877235,17.741,52358969387622.0,506584,576637,0,26856.4789,0.5792105575852995,29732.0,1.4005672363573285,-0.5183823397283707,268,49678.99518851524,28518.144144144146,46896.76988571429,70345.15482857144,1542.4610285714286,46896.76988571429,29583.0,23448.384942857145,37517.41590857144,56.648812500000005,293.28445714285715,25639.92628571429,29583.0,24761.04706,32998.083807,44850.950446,61571.378197,83121.360649,112213.836877,154165.428648,212269.439184,284962.808702,387633.08318,54.0,29170.5,54.642857142857146,-102.34705178174409,-134.1706007369479
215.6,216.95,211.35,211.35,2023-08-10,0.00620321,0.01686078,0.00620321,0.01686078,0.0,861.53427,54.75,45.25,1.21,49.0,51.0,0.961,5.42,4.64,1.168,1.022901698205,486174,429062,29524.0,-2.66191017,16.974,52391178981379.0,357912,577845,0,26891.1762,0.5697734034370592,29524.0,1.0908962621774847,-0.5246205037996621,267,49719.49875430945,28537.44144144144,46941.52988571429,70412.29482857144,1542.4610285714286,46941.52988571429,29423.0,23470.764942857146,37553.22390857143,56.648812500000005,293.28445714285715,25639.92628571429,29423.0,24789.553771,33036.073591,44902.586108,61642.263626,83217.055979,112343.025571,154342.915053,212513.819133,285290.878522,388079.354454,50.0,29797.5,53.684210526315795,-90.91952139136993,-125.52038486783232
211.35,219.62,211.1,211.68,2023-08-11,0.01686078,0.02132318,0.00566088,0.00566088,0.0,12405.5148,59.35,40.65,1.46,48.0,52.0,0.923,4.38,5.16,0.849,0.954575128405,480885,388499,29421.0,-3.40600512,16.76,52391178981379.0,506387,593394,0,26925.2885,0.5644694542752063,29421.0,1.288927465266687,-0.5254368396415128,266,49733.04397482575,28551.63963963964,46993.86702857143,70490.80054285715,1542.4610285714286,46993.86702857143,29407.0,23496.93351428572,37595.093622857145,56.648812500000005,293.28445714285715,25639.92628571429,29407.0,24818.08794,33074.099967,44954.271507,61713.217335,83312.843486,112472.338706,154520.57242,212758.434479,285619.264352,388526.055595,53.0,29582.0,51.91693290734825,-82.20656144003442,-116.85762018227274
211.68,213.48,211.68,213.2,2023-08-12,0.00566088,0.01494535,0.00318188,0.00318188,0.0,0.0,61.54,38.46,1.6,50.0,50.0,1.0,5.55,5.08,1.093,1.011953474625,77841,86515,29423.0,-3.666524,15.171,52391178981379.0,503767,580616,0,26958.6704,0.563230090406029,29423.0,1.42333807412254,-0.5237488135491937,265,49660.98253020228,28568.045045045044,47047.34702857143,70571.02054285715,1542.4610285714286,47047.34702857143,29414.0,23523.673514285714,37637.87762285714,56.648812500000005,293.28445714285715,25639.92628571429,29414.0,24846.649589,33112.162966,45006.006683,61784.239377,83408.723242,112601.776377,154698.400882,213003.285405,285947.966439,388973.186938,51.0,29443.0,51.432029043969344,-73.88493684636342,-108.26308351509088
213.2,220.19,213.19,218.47,2023-08-13,0.00318188,0.01036212,0.00318188,0.00628545,0.0,0.0,60.16,39.84,1.51,51.0,49.0,1.041,5.45,5.49,0.993,0.960913570345,224346,204720,29403.0,-3.48637087,15.23,52391178981379.0,496977,538164,0,26993.5385,0.5611234696173353,29403.0,1.150348267937536,-0.5283307348248236,264,49660.074005831535,28583.981981981982,47102.290857142856,70653.43628571428,1542.4610285714286,47102.290857142856,29279.0,23551.145428571428,37681.83268571429,56.648812500000005,293.28445714285715,25639.92628571429,29279.0,24875.23874,33150.262615,45057.791674,61855.329804,83504.695319,112731.338681,154876.400572,213248.372093,286276.985026,389420.748815,54.0,29379.0,49.72698907956318,-77.29238268498375,-102.06894334906947
218.47,227.37,217.17,217.55,2023-08-14,0.00628545,0.01678608,0.00628545,0.01678608,2957.56851,2200.56879,62.96,37.04,1.7,51.0,49.0,1.041,6.87,5.62,1.222,1.015309039469,925831,844416,29414.0,-3.61099318,16.715,52391178981379.0,568346,586432,0,27026.3589,0.5602479063851764,29414.0,1.448400859437181,-0.5230080246051791,263,49593.84013896025,28593.09009009009,47154.43942857143,70731.65914285714,1542.4610285714286,47154.43942857143,29396.0,23577.219714285715,37723.551542857145,56.648812500000005,293.28445714285715,25639.92628571429,29396.0,24903.855414,33188.398942,45109.626518,61926.48867,83600.759789,112861.025715,155054.571622,213493.694726,286606.32036,389868.741559,54.0,29404.0,53.43570057581574,-69.74787577581446,-95.60472983441848
217.55,217.63,205.4,206.36,2023-08-15,0.01678608,0.01960801,0.00823391,0.01508638,29086.4,245.96025,59.51,40.49,1.47,49.0,51.0,0.961,5.63,8.19,0.687,1.018158936864,535259,550858,29353.0,-4.00377657,16.434,52391178981379.0,582892,650938,0,27059.3554,0.5566367534638956,29353.0,1.4524647387012175,-0.5290796292863433,262,49536.02799830012,28599.67567567568,47207.43085714286,70811.14628571429,1542.4610285714286,47207.43085714286,29184.0,23603.71542857143,37765.94468571429,56.648812500000005,293.28445714285715,25639.92628571429,29184.0,24932.499631,33226.571976,45161.511254,61997.716028,83696.916722,112990.837575,155232.914166,213739.253487,286935.972685,390317.165506,50.0,29270.0,38.17787418655097,-79.95377063870183,-92.47453799527514
206.36,210.57,204.16,205.99,2023-08-16,0.01508638,0.02110586,0.00878097,0.00987651,0.0,3371.39722,65.75,34.25,1.92,50.0,50.0,1.0,8.56,6.59,1.299,0.978907559408,916543,992385,29139.0,-3.57467499,17.044,52391178981379.0,566715,530942,0,27091.242,0.54730513847193,29139.0,1.3732427393624336,-0.5438435085524418,261,49447.66473455216,28592.630630630632,47257.04228571429,70885.56342857143,1542.4610285714286,47257.04228571429,28705.0,23628.521142857146,37805.63382857144,56.648812500000005,293.28445714285715,25639.92628571429,28705.0,24961.171415,33264.781746,45213.445921,62069.011931,83793.166191,113120.774358,155411.428335,213985.048559,287265.942248,390766.020989,53.0,29397.0,39.87313094698686,-125.24951424195024,-99.02953324461016
205.99,280.47,203.91,220.24,2023-08-17,0.00987651,0.02033572,-0.00404177,0.01847845,14004.7717,483987.60963,69.42,30.58,2.27,50.0,50.0,1.0,8.69,4.83,1.799,0.919752341224,5110747,5421421,28235.0,-3.6442934,20.718,52391178981379.0,502118,618141,0,27116.5167,0.5128327428091878,28235.0,1.2912728158816738,-0.6155772450304493,260,49419.89933724033,28568.73873873874,47294.53942857143,70941.80914285715,1542.4610285714286,47294.53942857143,26703.0,23647.269714285718,37835.63154285715,56.648812500000005,293.28445714285715,25639.92628571429,26703.0,24989.870785,33303.02828,45265.430557,62140.376432,83889.508267,113250.836161,155590.114263,214231.080125,287596.229294,391215.308341,52.0,29192.0,20.43499043977056,-319.0139912616796,-143.02642484802405
220.24,242.04,219.21,235.18,2023-08-18,0.01847845,0.01847845,-0.05321085,-0.0090897,25153.67566,1633.33109,60.16,39.84,1.51,50.0,50.0,1.0,3.12,3.06,1.02,0.989836034307,1942631,1934913,26320.0,-3.71289887,26.898,52391178981379.0,423068,628875,0,27133.1275,0.4448678011618277,26320.0,1.070025040787434,-0.6426087202148025,259,49532.37461497016,28539.75675675676,47329.31491428572,70993.97237142856,1542.4610285714286,47329.31491428572,26050.0,23664.657457142857,37863.45193142857,56.648812500000005,293.28445714285715,25639.92628571429,26050.0,25018.597763,33341.311605,45317.465201,62211.809584,83985.943023,113381.023081,155768.972084,214477.348368,287926.834069,391665.027899,50.0,28685.0,18.03417000632777,-519.2794477157513,-218.27702942156952
235.18,235.24,229.92,230.42,2023-08-19,-0.0090897,-0.00500257,-0.0090897,-0.00731682,18.25768,0.0,63.64,36.36,1.75,49.0,51.0,0.961,4.45,4.32,1.03,0.996970395002,390188,380332,26011.0,-5.02551481,21.248,52391178981379.0,519640,510477,0,27150.0415,0.4337382723005141,26011.0,1.0517760780619814,-0.641482330521324,258,49562.081507001545,28510.981981981982,47365.13702857143,71047.70554285715,1542.4610285714286,47365.13702857143,26095.0,23682.568514285715,37892.10962285715,56.648812500000005,293.28445714285715,25639.92628571429,26095.0,25047.352371,33379.631752,45369.549892,62283.311441,84082.470529,113511.335214,155948.001929,214723.853471,288257.756819,392115.179995,50.0,28685.0,18.983336848766086,-666.6751250206107,-307.9566485413778
230.42,231.12,228.35,229.97,2023-08-20,-0.00731682,0.00348112,-0.008891,-0.00205731,0.0,5.19516,64.03,35.97,1.78,49.0,51.0,0.961,5.63,5.57,1.011,1.023816337271,267504,327966,26131.0,-5.98329667,18.667,52391178981379.0,612299,576723,0,27166.4074,0.4370077804041738,26131.0,1.2180905439060266,-0.6371052504182995,257,49523.37229411708,28494.53153153153,47400.72822857143,71101.09234285716,1542.4610285714286,47400.72822857143,26189.0,23700.36411428572,37920.58258285715,56.648812500000005,293.28445714285715,25639.92628571429,26189.0,25076.134629,33417.988748,45421.684669,62354.882054,84179.090857,113641.772657,156127.203933,214970.595618,288588.99779,392565.764966,50.0,28685.0,20.443247721623862,-767.0600559572376,-399.77733002454977
229.97,231.8,216.62,219.39,2023-08-21,-0.00205731,0.0012,-0.00479678,0.0012,0.0,1803.41574,62.83,37.17,1.69,49.0,51.0,0.961,4.67,7.31,0.639,0.963332708092,818788,797928,26074.0,-5.88229191,18.313,52391178981379.0,549909,568452,0,27178.7083,0.4344312843372368,26074.0,1.243909100906318,-0.6382818496383429,256,49473.76190996016,28471.61261261261,47436.9828,71155.4742,1542.4610285714286,47436.9828,26132.0,23718.4914,37949.58624,56.648812500000005,293.28445714285715,25639.92628571429,26132.0,25104.94456,33456.382622,45473.86957,62426.521479,84275.80408,113772.335508,156306.578228,215217.574991,288920.557228,393016.783146,50.0,28685.0,18.12644402436463,-841.5148017798674,-488.12482437561334
219.39,230.8,214.4,217.65,2023-08-22,0.0012,0.00276863,-0.00229859,0.00181522,0.0,3108.60882,61.39,38.61,1.59,49.0,51.0,0.961,4.71,6.84,0.689,0.994955984289,1272255,1378381,25992.0,-5.58078921,18.887,53588410123874.0,420714,499696,0,27192.5414,0.4310121702753509,25992.0,1.0751858037182545,-0.6438339777714699,255,49558.83394062404,28444.828828828828,47477.90074285715,71216.85111428573,1542.4610285714286,47477.90074285715,26032.0,23738.95037142857,37982.32059428573,56.648812500000005,293.28445714285715,25639.92628571429,26032.0,25133.782185,33494.813402,45526.104634,62498.229767,84372.61027,113903.023864,156486.124947,215464.791776,289252.43538,393468.23487,50.0,28685.0,6.17226003285613,-898.2355878029521,-570.1469770610811
217.65,232.98,213.13,214.55,2023-08-23,0.00181522,0.00866343,0.00157311,0.00866343,774.52295,0.0,67.74,32.26,2.1,40.0,60.0,0.667,3.12,4.1,0.761,0.983637709694,1797279,1936140,26175.0,-6.17289355,18.794,55621444139430.0,417680,523581,0,27207.841,0.4363798373887464,26175.0,1.0635685858351451,-0.6288689912294849,254,49574.77921209811,28423.00900900901,47518.37691428571,71277.56537142857,1542.4610285714286,47518.37691428571,26433.0,23759.188457142856,38014.701531428575,56.648812500000005,293.28445714285715,25639.92628571429,26433.0,25162.647525,33533.281117,45578.3899,62570.006972,84469.509497,114033.837821,156665.844226,215712.246154,289584.632493,393920.120475,50.0,28685.0,14.828048235819566,-900.4500430882399,-636.2075902665129
214.55,218.98,208.28,213.96,2023-08-24,0.00866343,0.00866343,-0.00130568,0.00848276,0.0,474.17113,56.52,43.48,1.3,46.0,54.0,0.852,3.6,4.81,0.748,1.041179357777,1330844,1314606,26299.0,-6.34311806,17.253,55621444139430.0,399012,529253,0,27224.9262,0.4397670282457703,26299.0,1.0566948658247608,-0.6419177595966357,253,49634.97025426362,28392.36036036036,47556.93565714286,71335.40348571428,1542.4610285714286,47556.93565714286,26122.0,23778.46782857143,38045.54852571429,56.648812500000005,293.28445714285715,25639.92628571429,26122.0,25191.540601,33571.785796,45630.725406,62641.853148,84566.501834,114164.777477,156845.736195,215959.938311,289917.148812,394372.440294,50.0,28685.0,14.344350831713115,-916.7325930344014,-692.3125908200906
213.96,213.96,203.92,204.52,2023-08-25,0.00848276,0.00848276,0.00105163,0.00105163,0.0,0.0,64.41,35.59,1.81,45.0,55.0,0.818,3.3,2.31,1.429,0.918715392944,1193614,1184563,26058.0,-6.68306645,17.554,55621444139430.0,425057,573451,0,27242.47,0.4309949716382898,26058.0,1.0141087182872024,-0.647254805654768,252,49753.490246478825,28367.018018018018,47583.57565714286,71375.36348571429,1542.4610285714286,47583.57565714286,26045.0,23791.78782857143,38066.860525714284,56.648812500000005,293.28445714285715,25639.92628571429,26045.0,25220.461436,33610.327467,45683.111192,62713.768348,84663.587354,114295.842928,157025.80099,216207.86843,290249.984586,394825.194665,50.0,28685.0,14.157782515991471,-925.184931675587,-738.8870589911899
204.52,208.39,204.52,208.39,2023-08-26,0.00105163,0.01288508,-0.00050056,0.01288508,0.0,0.0,65.03,34.97,1.86,45.0,55.0,0.818,5.34,2.28,2.342,0.94441730908,219329,208817,26050.0,-7.38989148,15.674,55621444139430.0,497376,609658,0,27259.5377,0.4299908374516843,26050.0,1.026286296489175,-0.649949409048908,251,49780.47210010654,28344.630630630632,47607.97565714286,71411.96348571428,1542.4610285714286,47607.97565714286,25989.0,23803.98782857143,38086.38052571429,56.648812500000005,293.28445714285715,25639.92628571429,25989.0,25249.41005,33648.906158,45735.547297,62785.752625,84760.766128,114427.034273,157206.038744,216456.036695,290583.140061,395278.383923,50.0,28685.0,13.863684321586831,-925.7309527571342,-776.2558377443788
208.39,209.1,207.04,208.64,2023-08-27,0.01288508,0.01288508,0.0011422,0.00535764,0.0,0.0,63.77,36.23,1.76,48.0,52.0,0.923,8.17,2.09,3.909,0.979406773261,142528,231896,26079.0,-6.73949572,15.7,55621444139430.0,413478,488238,0,27276.0753,0.4302174443961607,26079.0,0.867050124750472,-0.6489751472090575,250,49909.959321482434,28330.25225225225,47632.60422857143,71448.90634285714,1542.4610285714286,47632.60422857143,26082.0,23816.302114285714,38106.08338285714,56.648812500000005,293.28445714285715,25639.92628571429,26082.0,25278.386465,33687.521899,45788.033759,62857.806032,84858.038228,114558.351608,157386.44959,216704.44329,290916.615484,395732.008404,50.0,28685.0,15.96763891845859,-908.1903031457296,-802.642730824649
208.64,216.17,208.54,211.94,2023-08-28,0.00535764,0.00535764,-0.00640333,0.00243884,0.0,2600.3258,60.32,39.68,1.52,45.0,55.0,0.818,3.26,4.19,0.778,1.040115653119,706912,906653,26044.0,-6.15337258,17.403,55621444139430.0,331227,483499,0,27295.7828,0.4282858567858881,26044.0,0.8852608985067889,-0.6509720150339842,249,50023.14431285343,28315.117117117115,47653.94708571429,71480.92062857143,1542.4610285714286,47653.94708571429,26089.0,23826.973542857144,38123.15766857143,56.648812500000005,293.28445714285715,25639.92628571429,26089.0,25307.390703,33726.174718,45840.570618,62929.928624,84955.403727,114689.795032,157567.033663,216953.088399,291250.411102,396186.068446,50.0,28685.0,13.952474384129061,-883.5394773459593,-818.8220801289111
211.94,240.88,205.94,218.83,2023-08-29,0.00243884,0.00892126,1.4e-06,0.00648042,12520.63363,0.0,68.15,31.85,2.14,45.45,54.55,0.833,3.65,2.84,1.285,1.028956798935,3585218,3308267,26698.0,-5.77103262,20.997,55621444139430.0,500143,585775,0,27323.6275,0.4491164765127092,26698.0,1.1847013326885552,-0.5906650054389928,248,50039.82456817328,28316.027027027027,47697.04422857143,71545.56634285714,1542.4610285714286,47697.04422857143,27720.0,23848.522114285715,38157.635382857145,56.648812500000005,293.28445714285715,25639.92628571429,27720.0,25336.422784,33764.864643,45893.157911,63002.120453,85052.862696,114821.36464,157747.791096,217201.972207,291584.527164,396640.564384,50.0,28685.0,37.81218781218782,-724.0490642282384,-799.8674769487766
218.83,221.39,210.66,217.9,2023-08-30,0.00648042,0.00648042,-0.00988075,-0.00395522,0.0,640.209,69.04,30.96,2.23,44.44,55.56,0.8,3.01,4.12,0.731,1.011183424451,1309146,1378988,27364.0,-5.1551917,18.788,55621444139430.0,407875,505819,0,27355.3235,0.4707423345637314,27364.0,1.0036601239230205,-0.6069203900873408,247,50100.29259783441,28318.81081081081,47737.44422857143,71606.16634285715,1542.4610285714286,47737.44422857143,27306.0,23868.72211428572,38189.95538285714,56.648812500000005,293.28445714285715,25639.92628571429,27306.0,25365.482732,33803.591704,45945.795679,63074.381573,85150.415209,114953.060532,157928.722024,217451.094898,291918.963916,397095.496555,50.0,28685.0,38.22588789766033,-623.8665574923798,-764.6672930574973
217.9,219.4,183.1,199.47,2023-08-31,-0.00395522,0.00742483,-0.00395522,0.00412559,129.86194,14146.8876,69.04,30.96,2.23,44.44,55.56,0.8,3.01,4.12,0.731,0.95675563085,2525720,3012029,26930.0,-5.90744863,17.972,55621444139430.0,437291,554893,0,27383.83,0.4549572765993703,26930.0,1.1289978461196868,-0.6581197960143328,246,50088.44369489278,28311.063063063066,47773.54005714286,71660.3100857143,1542.4610285714286,47773.54005714286,25937.0,23886.77002857143,38218.83204571429,56.648812500000005,293.28445714285715,25639.92628571429,25937.0,25394.570566,33842.355928,45998.483961,63146.712038,85248.061336,115084.882804,158109.826579,217700.456657,292253.721606,397550.865297,50.0,28685.0,42.78447626224567,-647.4743763461411,-741.2287097152262
199.47,214.8,197.45,212.27,2023-09-01,0.00412559,0.00570152,-0.01046112,-0.00234769,77.3565,10799.23249,64.91,35.09,1.85,46.0,54.0,0.852,4.58,6.95,0.659,0.998518856224,1132412,1122098,25964.0,-6.53682827,18.685,55621444139430.0,419397,579609,0,27408.5115,0.4220618395689232,25964.0,1.1235059837414385,-0.6627144103909295,245,50031.98269383689,28302.08108108108,47807.49514285714,71711.24271428572,1542.4610285714286,47807.49514285714,25789.0,23903.74757142857,38245.996114285714,56.648812500000005,293.28445714285715,25639.92628571429,25789.0,25423.686309,33881.157346,46051.222794,63219.1119,85345.801151,115216.831553,158291.104897,217950.057668,292588.800482,398006.670946,50.0,28685.0,47.28294815740163,-670.3981731535496,-727.0626024028909
212.27,215.47,208.85,213.28,2023-09-02,-0.00234769,0.01521349,-0.00402075,-0.00402075,0.0,0.0,66.67,33.33,2.0,45.45,54.55,0.833,4.99,3.9,1.279,0.976545104456,425865,436055,25804.0,-7.75012189,15.372,55621444139430.0,539596,604874,0,27431.0204,0.416079930620595,25804.0,1.1233261786309072,-0.6598675925754094,244,50023.23629656375,28292.432432432437,47840.30085714286,71760.45128571428,1542.4610285714286,47840.30085714286,25858.0,23920.15042857143,38272.240685714285,56.648812500000005,293.28445714285715,25639.92628571429,25858.0,25452.829981,33919.995984,46104.012219,63291.581215,85443.634725,115348.906879,158472.557111,218199.898116,292924.200793,398462.91384,40.0,25992.0,47.54505904288378,-675.2142740920717,-716.6929367407272
213.28,213.28,207.26,207.26,2023-09-03,-0.00402075,0.00574914,-0.00402075,-0.00045457,0.0,0.0,63.5,36.5,1.74,47.47,52.53,0.904,11.55,4.88,2.367,0.985619979759,692444,683956,25919.0,-7.65102705,15.524,55621444139430.0,625099,527126,0,27449.3115,0.4190599029659544,25919.0,1.16973528211824,-0.6572551693411341,243,50056.73154123502,28281.1981981982,47877.494,71816.241,1542.4610285714286,47877.494,25943.0,23938.747,38301.9952,56.648812500000005,293.28445714285715,25639.92628571429,25943.0,25482.001606,33958.871873,46156.852273,63364.120034,85541.562132,115481.108878,158654.183357,218449.978187,293259.922786,398919.594316,39.0,25788.0,47.44707347447073,-664.5121962052508,-706.2567886336319
207.26,213.25,207.1,213.13,2023-09-04,-0.00045457,0.00476416,-0.00045457,0.00111205,0.0,0.0,60.63,39.37,1.54,44.44,55.56,0.8,13.08,7.66,1.708,1.051748082675,974597,1021506,25908.0,-7.49262264,15.905,55621444139430.0,573047,548059,0,27456.3389,0.4181409826608981,25908.0,1.1062668904399235,-0.6629158603193588,242,50073.10972286477,28270.1981981982,47913.24365714286,71869.8654857143,1542.4610285714286,47913.24365714286,25805.0,23956.62182857143,38330.59492571429,56.648812500000005,293.28445714285715,25639.92628571429,25805.0,25511.201204,33997.785041,46209.742998,63436.728413,85639.583443,115613.437648,158835.983767,218700.298064,293595.96671,399376.712713,40.0,25852.5,46.66258420085732,-659.5631357958591,-696.9180580660774
213.13,221.08,213.13,216.64,2023-09-05,0.00111205,0.01198228,0.00076277,0.01198228,0.0,0.0,65.4,34.6,1.89,48.0,52.0,0.923,5.78,4.88,1.184,1.111235208434,662096,754189,25745.0,-7.46270288,15.832,55621444139430.0,461969,602363,0,27465.913,0.4123024642964538,25745.0,0.915649650998341,-0.663855075118887,241,50127.93028284671,28255.99099099099,47952.8,71929.20000000001,1542.4610285714286,47952.8,25809.0,23976.4,38362.240000000005,56.648812500000005,293.28445714285715,25639.92628571429,25809.0,25540.428796,34036.735516,46262.684431,63509.406404,85737.698732,115745.893288,159017.958477,218950.857933,293932.332812,399834.269368,40.0,25928.5,47.67853424942744,-647.8501894831315,-687.1044843494883
216.64,222.15,215.95,220.47,2023-09-06,0.01198228,0.01198228,0.00173639,0.00173639,7.82211,0.0,64.29,35.71,1.8,46.0,54.0,0.852,4.94,3.07,1.609,0.985901143085,838594,811352,25733.0,-7.24713787,15.492,54302721812290.0,485222,612461,0,27472.0303,0.4113778855774814,25733.0,0.9965042877894296,-0.6668923731087215,240,50163.52477616093,28245.873873873872,47994.33885714286,71991.50828571428,1542.4610285714286,47994.33885714286,25749.0,23997.16942857143,38395.471085714285,56.648812500000005,293.28445714285715,25639.92628571429,25749.0,25569.684406,34075.723328,46315.676611,63582.154062,85835.90807,115878.475894,159200.107621,219201.657979,294269.021343,400292.264619,40.0,25780.5,42.3352756611385,-636.076796338024,-676.8989467471954
220.47,220.47,209.74,212.98,2023-09-07,0.00173639,0.01482103,0.00173639,0.01364787,28349.10624,0.0,65.64,34.36,1.91,46.0,54.0,0.852,5.54,3.9,1.421,1.040835400513,913843,802655,25837.0,-7.14638257,16.593,54150142369480.0,537793,641602,0,27478.5135,0.4141603921680618,25837.0,1.0743502093433988,-0.6479164566418074,239,50115.20785131579,28240.18018018018,48033.02394285714,72049.5359142857,1542.4610285714286,48033.02394285714,26217.0,24016.51197142857,38426.41915428571,56.648812500000005,293.28445714285715,25639.92628571429,26217.0,25598.968053,34114.748505,46368.719579,63654.97144,85934.21153,116011.185565,159382.431333,219452.698388,294606.03255,400750.698806,42.0,25791.0,51.028361117124916,-582.2705561663533,-657.9732686310269
212.98,212.98,177.91,200.45,2023-09-08,0.01364787,0.01364787,-0.00731554,-0.00731554,0.0,0.0,57.81,42.19,1.37,45.0,55.0,0.818,7.26,6.13,1.184,0.917687119339,1420809,1426845,26032.0,-6.49276567,15.842,54150142369480.0,414666,553497,0,27485.9647,0.4198639364569994,26032.0,0.9956744787721864,-0.6606877584287325,238,50159.150525693214,28229.414414414416,48070.68525714285,72106.02788571428,1542.4610285714286,48070.68525714285,25907.0,24035.342628571427,38456.54820571429,56.648812500000005,293.28445714285715,25639.92628571429,25907.0,25628.27976,34153.811076,46421.813372,63727.858592,86032.609185,116144.022399,159564.929749,219703.979344,294943.366683,401209.572265,41.0,25747.5,48.57790601813685,-558.2084528276791,-638.0203054703575
200.45,203.91,197.01,202.08,2023-09-09,-0.00731554,-0.00312401,-0.01034643,-0.00312401,0.0,0.0,61.39,38.61,1.59,46.0,54.0,0.852,6.54,4.99,1.311,0.982239139986,286911,227518,25881.0,-7.91277854,15.704,54150142369480.0,597258,797455,0,27492.3842,0.4144585782087845,25881.0,1.116131782379851,-0.6621711952130269,237,50181.26073351312,28221.54054054054,48110.26485714286,72165.39728571428,1542.4610285714286,48110.26485714286,25880.0,24055.13242857143,38488.211885714285,56.648812500000005,293.28445714285715,25639.92628571429,25880.0,25657.619548,34192.91107,46474.95803,63800.815571,86131.101107,116276.986494,159747.603003,219955.501034,295281.02399,401668.885337,46.0,26229.0,48.8699979266017,-535.1488738264088,-617.4460191415677
202.08,202.13,191.09,192.69,2023-09-10,-0.00312401,0.00565829,-0.00778918,0.00565829,0.0,0.0,60.47,39.53,1.53,46.0,54.0,0.852,6.2,3.92,1.582,1.012619329887,475501,511776,25831.0,-7.91687469,14.289,54150142369480.0,558248,724704,0,27502.3836,0.4122594017892559,25831.0,1.0850536472000178,-0.6654897432497027,236,50287.757546100605,28212.414414414416,48150.60274285713,72225.9041142857,1542.4610285714286,48150.60274285713,25849.0,24075.301371428566,38520.48219428571,56.648812500000005,293.28445714285715,25639.92628571429,25849.0,25686.987439,34232.048516,46528.153593,63873.842432,86229.687369,116410.077948,159930.45123,220207.263643,295619.004721,402128.638361,41.0,25879.5,47.55303507666457,-513.4566239100168,-596.6481400952575
192.69,194.41,172.09,175.76,2023-09-11,0.00565829,0.01346962,-0.00157656,0.00275445,0.0,783.83608,63.77,36.23,1.76,45.0,55.0,0.818,8.05,3.36,2.396,0.979119430408,1792857,2129753,25514.0,-6.97903301,16.268,54150142369480.0,458973,559025,0,27510.0425,0.4016533821634239,25514.0,1.1720996155848602,-0.6922399741184488,235,50276.36825928524,28193.846846846845,48184.598628571424,72276.89794285713,1542.4610285714286,48184.598628571424,25161.0,24092.299314285712,38547.67890285714,56.648812500000005,293.28445714285715,25639.92628571429,25161.0,25716.383455,34271.223442,46581.4001,63946.939228,86328.368044,116543.29686,160113.474564,220459.267357,295957.309125,402588.831674,40.0,25866.5,41.473722895994115,-545.4931047571699,-586.41713302764
175.76,178.37,163.97,177.68,2023-09-12,0.00275445,0.00797966,0.00275445,0.00543537,10506.49834,0.0,66.56,33.44,1.99,46.0,54.0,0.852,3.23,4.97,0.65,0.977378514241,2134568,2168545,25870.0,-6.83556027,16.729,54150142369480.0,462187,628985,0,27522.4679,0.4123046963035006,25870.0,1.0115728780610675,-0.6657943357639642,234,50269.99454648218,28189.18018018018,48222.45405714285,72333.68108571428,1542.4610285714286,48222.45405714285,25832.0,24111.227028571426,38577.96324571428,56.648812500000005,293.28445714285715,25639.92628571429,25832.0,25745.807618,34310.435878,46634.697589,64020.106014,86427.143205,116676.643327,160296.673142,220711.512362,296295.937452,403049.465617,40.0,25835.0,28.937974118697014,-510.84940052337697,-571.3035865267874
177.68,178.14,162.25,172.16,2023-09-13,0.00543537,0.00919543,-0.00407092,-0.00407092,1982.07121,0.0,59.02,40.98,1.44,46.46,53.54,0.868,3.87,6.19,0.625,1.005019900621,1271530,1316719,26087.0,-6.92892021,16.488,54150142369480.0,512299,651700,0,27539.4997,0.4185355256941304,26087.0,1.082122205865851,-0.6499425892682265,233,50218.76627620372,28186.864864864863,48261.04662857143,72391.56994285714,1542.4610285714286,48261.04662857143,26218.0,24130.523314285718,38608.83730285714,56.648812500000005,293.28445714285715,25639.92628571429,26218.0,25775.259948,34349.685853,46688.046101,64093.342843,86526.012925,116810.117448,160480.047097,220963.998843,296634.889951,403510.54053,30.0,25146.5,37.786259541984734,-447.0932288242693,-546.4615149862839
172.16,237.66,170.71,236.65,2023-09-14,-0.00407092,0.00170926,-0.00674117,0.00170926,1375.88995,0.0,52.83,47.17,1.12,53.06,46.94,1.13,3.26,5.38,0.606,0.985498222937,1635099,1532269,26437.0,-7.20489788,15.532,54150142369480.0,576053,706475,0,27557.1169,0.4290995382751984,26437.0,1.2087727274515128,-0.63734629857756,232,50182.18881182671,28185.26126126126,48300.859314285706,72451.28897142856,1542.4610285714286,48300.859314285706,26531.0,24150.429657142853,38640.68745142857,56.648812500000005,293.28445714285715,25639.92628571429,26531.0,25804.740468,34388.973395,46741.445674,64166.649769,86624.977275,116943.719321,160663.596564,221216.726987,296974.166871,403972.056752,41.0,25866.5,58.740435550323724,-367.07807175147536,-510.5848263393222
236.65,237.16,222.34,223.11,2023-09-15,0.00170926,0.00247337,-0.00699062,0.00208169,0.0,0.0,49.24,50.76,0.97,53.06,46.94,1.13,4.39,5.3,0.828,1.055418260864,796077,1038552,26504.0,-8.01001841,14.994,54150142369480.0,703504,842802,0,27573.967,0.4305450029486322,26504.0,1.4172954091273493,-0.6303163879741955,231,50020.34828034073,28183.315315315314,48341.9104,72512.8656,1542.4610285714286,48341.9104,26632.0,24170.9552,38673.528320000005,56.648812500000005,293.28445714285715,25639.92628571429,26632.0,25834.249199,34428.298533,46794.896348,64240.026847,86724.03633,117077.449045,160847.32168,221469.696979,297313.768464,404434.014622,45.0,26193.5,62.578334825425245,-292.1479279280429,-466.8974466570664
223.11,223.11,215.39,215.52,2023-09-16,0.00208169,0.00749341,0.00208169,0.00658737,0.0,7654.62722,50.74,49.26,1.03,48.98,51.02,0.96,3.28,4.79,0.685,1.0698814704,326345,393247,26563.0,-7.4109192,14.475,54150142369480.0,592989,721491,0,27591.57,0.4317181938159153,26563.0,1.1714889027860065,-0.6355907427379535,230,50067.73454112392,28167.630630630632,48383.0552,72574.5828,1542.4610285714286,48383.0552,26517.0,24191.5276,38706.44416000001,56.648812500000005,293.28445714285715,25639.92628571429,26517.0,25863.786164,34467.661296,46848.398162,64313.474129,86823.190161,117211.306718,161031.22258,221722.909007,297653.694978,404896.414482,45.0,26484.0,59.699735060347365,-239.28644284782786,-421.3752458952187
215.52,215.77,213.07,214.06,2023-09-17,0.00658737,0.00658737,-0.00165642,0.00052075,0.0,0.0,53.7,46.3,1.16,49.49,50.51,0.98,5.55,2.76,2.011,0.924640918855,225596,263220,26533.0,-7.49512135,14.009,54150142369480.0,611071,692577,0,27607.7823,0.4300226822240386,26533.0,1.120775272249757,-0.6353705177111557,229,50086.91313011092,28156.747747747748,48425.70651428571,72638.55977142857,1542.4610285714286,48425.70651428571,26533.0,24212.85325714285,38740.56521142857,56.648812500000005,293.28445714285715,25639.92628571429,26533.0,25893.351384,34507.061714,46901.951156,64386.991671,86922.438843,117345.292439,161215.299398,221976.363256,297993.946665,405359.256672,43.0,26639.5,58.864182692307686,-193.8674851029573,-375.8736937367664
214.06,229.5,185.03,185.15,2023-09-18,0.00052075,0.00428973,-0.00067627,0.00019269,2382.09714,23917.78842,52.61,47.39,1.11,50.0,50.0,1.0,7.92,2.62,3.023,1.006165797523,1361790,1558501,26857.0,-6.81172192,16.753,54150142369480.0,635689,704837,0,27626.6205,0.4398100467250664,26857.0,1.173187910215354,-0.6257281285304561,228,50019.45968459619,28148.306306306305,48466.46428571428,72699.69642857142,1542.4610285714286,48466.46428571428,26754.0,24233.23214285714,38773.17142857143,56.648812500000005,293.28445714285715,25639.92628571429,26754.0,25922.94488,34546.499815,46955.555369,64460.579527,87021.782448,117479.406305,161399.55227,222230.059913,298334.523774,405822.541532,46.0,26500.0,63.91087657578423,-138.4438858999565,-328.38773216940444
185.15,185.15,172.46,180.87,2023-09-19,0.00019269,0.00019269,-0.01692147,-0.00483667,257.44277,7464.97713,50.98,49.02,1.04,47.47,52.53,0.904,3.43,6.68,0.513,0.993145743297,810917,686161,27041.0,-6.5493032,15.99,55816608966186.0,493748,588598,0,27652.4819,0.4449560495348555,27041.0,1.05307235685964,-0.6094308433661251,227,50060.68047100589,28148.018018018018,48505.71571428572,72758.57357142857,1542.4610285714286,48505.71571428572,27216.0,24252.85785714286,38804.57257142857,56.648812500000005,293.28445714285715,25639.92628571429,27216.0,25952.566675,34585.975628,47009.21084,64534.23775,87121.22105,117613.648417,161583.981332,222483.999164,298675.426556,406286.269402,46.0,26513.0,68.18299302145257,-56.58842913521585,-274.02787156256676
180.87,188.14,177.06,177.06,2023-09-20,-0.00483667,0.0013073,-0.01559426,0.0013073,0.0,0.0,47.37,52.63,0.9,47.0,53.0,0.887,6.93,5.05,1.372,1.011669301631,1178774,822085,27125.0,-7.30207938,15.847,57119871304635.0,551637,668781,0,27679.3533,0.4468041577334221,27125.0,1.124331361170638,-0.613191146207372,226,50051.722576404776,28150.61261261261,48545.48714285714,72818.23071428572,1542.4610285714286,48545.48714285714,27109.0,24272.74357142857,38836.38971428572,56.648812500000005,293.28445714285715,25639.92628571429,27109.0,25982.21679,34625.489182,47062.917609,64607.966395,87220.75472,117748.018872,161768.58672,222738.181197,299016.655262,406750.440625,46.0,26719.0,67.364657814096,-0.34739116699347505,-219.2917754834521
177.06,235.64,176.89,235.64,2023-09-21,0.0013073,0.00287642,0.0013073,0.00287642,0.0,137.5946,52.38,47.62,1.1,47.0,53.0,0.887,7.28,4.53,1.607,0.979739769719,987899,1193761,26787.0,-6.93176335,16.628,57119871304635.0,431402,626857,0,27703.9567,0.434878571477959,26787.0,1.0576621572306877,-0.632019806876734,225,50028.48881903162,28144.90990990991,48582.97285714286,72874.45928571429,1542.4610285714286,48582.97285714286,26591.0,24291.48642857143,38866.37828571429,56.648812500000005,293.28445714285715,25639.92628571429,26591.0,26011.895247,34665.040507,47116.675716,64681.765515,87320.383533,117882.51777,161953.368568,222992.606198,299358.210142,407215.05554,47.0,27217.0,54.715078164397376,2.3981216704087274,-174.95379605267996
235.64,252.41,235.64,249.36,2023-09-22,0.00287642,0.01152959,0.00019322,0.00774241,0.0,0.0,59.84,40.16,1.49,45.0,55.0,0.818,5.98,5.55,1.077,0.935776598392,425198,455458,26615.0,-7.34353354,15.322,57119871304635.0,441550,626124,0,27727.7137,0.4284780941138711,26615.0,0.968993149552034,-0.6319184305257135,224,50049.75439588408,28140.882882882885,48623.33965714285,72935.00948571428,1542.4610285714286,48623.33965714285,26605.0,24311.669828571423,38898.67172571428,56.648812500000005,293.28445714285715,25639.92628571429,26605.0,26041.602068,34704.629631,47170.485199,64755.635166,87420.107562,118017.145208,162138.327013,223247.274354,299700.091448,407680.11449,47.0,27077.0,59.50953678474115,5.638644586659211,-138.83530792481213
249.36,252.72,249.24,250.75,2023-09-23,0.00774241,0.00867551,-0.00040738,-0.0001372,0.0,0.0,57.63,42.37,1.36,47.0,53.0,0.887,6.74,3.86,1.746,0.938219803586,112390,124436,26579.0,-8.6794463,13.199,57119871304635.0,629461,759919,0,27751.8302,0.4264848082336764,26579.0,1.1710404812422457,-0.6325572176432992,223,50027.14562048568,28136.135135135137,48664.24188571429,72996.36282857142,1542.4610285714286,48664.24188571429,26576.0,24332.120942857146,38931.39350857143,56.648812500000005,293.28445714285715,25639.92628571429,26576.0,26071.337274,34744.256583,47224.346099,64829.575401,87519.926879,118151.901287,162323.462191,223502.185852,300042.29943,408145.617816,43.0,26531.5,59.47712418300654,5.799867445981363,-109.90827285065343
250.75,250.75,246.93,250.02,2023-09-24,-0.0001372,0.00054573,-0.00449832,-0.00082158,0.0,200.16766,58.16,41.84,1.39,45.0,55.0,0.818,7.07,3.94,1.794,0.920235426021,394352,390121,26565.0,-7.74184018,12.566,57119871304635.0,441035,562366,0,27777.6276,0.4251778936133746,26565.0,1.0938828869199384,-0.6457807268144062,222,50034.99418139147,28140.513513513517,48703.02982857142,73054.54474285714,1542.4610285714286,48703.02982857142,26231.0,24351.51491428571,38962.42386285714,56.648812500000005,293.28445714285715,25639.92628571429,26231.0,26101.100888,34783.921393,47278.258454,64903.586275,87619.841559,118286.786105,162508.774237,223757.340879,300384.83434,408611.56586,47.0,26587.5,54.791771199197186,-21.661281224874983,-92.25887452549775
250.02,254.52,250.02,253.28,2023-09-25,-0.00082158,0.00617143,-0.0107974,0.00617143,0.0,365.51266,59.02,40.98,1.44,47.0,53.0,0.887,3.17,6.03,0.526,1.029720085656,528147,463659,26205.0,-6.81723773,14.962,57119871304635.0,285605,478952,0,27805.5283,0.4128684697084221,26205.0,1.0714455048363782,-0.6436478176452542,221,50054.01297569527,28132.063063063066,48743.9116,73115.8674,1542.4610285714286,48743.9116,26297.0,24371.9558,38995.12928,56.648812500000005,293.28445714285715,25639.92628571429,26297.0,26130.892931,34823.62409,47332.222306,64977.667842,87719.851674,118421.799761,162694.263288,224012.739623,300727.696429,409077.958963,44.0,26573.0,66.884661117717,-37.6646167222716,-81.34002296485252
253.28,284.95,253.28,284.95,2023-09-26,0.00617143,0.00617143,-0.00939338,-0.00021504,0.0,0.0,56.14,43.86,1.28,40.4,59.6,0.678,2.12,10.12,0.209,1.055413514227,487715,271684,26250.0,-6.9363047,14.608,57119871304635.0,309653,482075,0,27843.5554,0.4132728804486599,26250.0,1.0068815646678986,-0.6465113117942245,220,50039.111567346015,28131.09009009009,48784.77382857143,73177.16074285714,1542.4610285714286,48784.77382857143,26214.0,24392.386914285715,39027.81906285715,56.648812500000005,293.28445714285715,25639.92628571429,26214.0,26160.713426,34863.364702,47386.237692,65051.820156,87819.957299,118556.942353,162879.92948,224268.382271,301070.885948,409544.797468,47.0,26111.5,56.880403458213266,-56.39469875900613,-76.35095812368326
284.95,285.35,170.78,172.34,2023-09-27,-0.00021504,0.02253066,-0.00021504,0.02253066,0.0,0.0,60.0,40.0,1.5,45.45,54.55,0.833,3.81,4.54,0.839,1.026811509453,1155440,1822317,26328.0,-6.81579403,15.293,57119871304635.0,337108,479278,0,27880.2518,0.4147348747228823,26328.0,1.1572257869564444,-0.640939618747641,219,50024.94291035088,28129.65765765766,48825.91731428571,73238.87597142857,1542.4610285714286,48825.91731428571,26353.0,24412.95865714285,39060.73385142857,56.648812500000005,293.28445714285715,25639.92628571429,26353.0,26190.562393,34903.14326,47440.304652,65126.043272,87920.158505,118692.213982,163065.772948,224524.26901,301414.40315,410012.081718,46.0,26260.0,52.669039145907476,-59.33827073925204,-72.94842064679702
172.34,173.94,155.83,158.55,2023-09-28,0.02253066,0.02253066,0.00762577,0.00901331,4434.21428,0.0,59.51,40.49,1.47,44.44,55.56,0.8,4.69,4.52,1.038,0.965369064782,1069958,1002747,26675.0,-6.81993654,14.818,57119871304635.0,378829,495415,0,27916.2133,0.4247295468516566,26675.0,1.0810477027503311,-0.6130686640274448,218,50021.5933671315,28135.288288288288,48869.9004,73304.8506,1542.4610285714286,48869.9004,27096.0,24434.9502,39095.92032,56.648812500000005,293.28445714285715,25639.92628571429,27096.0,26220.439856,34942.959791,47494.423228,65200.337244,88020.455367,118827.614746,163251.793829,224780.400027,301758.248287,410479.812054,44.0,26213.5,59.54714430550862,-1.697613222473592,-58.69825916193234
158.55,165.66,158.49,164.26,2023-09-29,0.00901331,0.00901331,0.00069016,0.0029929,0.0,39867.6,45.65,54.35,0.84,47.47,52.53,0.904,2.94,6.16,0.477,1.054785297856,817405,704589,26961.0,-6.62867027,14.893,57119871304635.0,330122,558279,0,27938.5713,0.4330685331163888,26961.0,1.11810750564103,-0.621512516117015,217,50088.30213733589,28144.747747747748,48913.948,73370.922,1542.4610285714286,48913.948,26904.0,24456.974,39131.15840000001,56.648812500000005,293.28445714285715,25639.92628571429,26904.0,26250.345835,34982.814326,47548.593457,65274.702127,88120.847959,118963.144745,163437.99226,225036.775512,302102.421609,410947.988819,46.0,26399.5,54.459016393442624,28.165552788930654,-41.325496771759745
164.26,168.85,164.26,168.81,2023-09-30,0.0029929,0.00737033,-0.0041921,-0.0013469,0.0,0.0,53.7,46.3,1.16,44.44,55.56,0.8,4.81,3.99,1.206,0.932079488232,267093,224191,26972.0,-6.56194201,13.261,57119871304635.0,275336,492367,0,27950.4202,0.4327684406951558,26972.0,1.0418884949509557,-0.6210465150287661,216,50213.83632820193,28154.34234234234,48959.0768,73438.6152,1542.4610285714286,48959.0768,26984.0,24479.5384,39167.26144,56.648812500000005,293.28445714285715,25639.92628571429,26984.0,26280.280353,35022.706893,47602.815379,65349.137974,88221.336353,119098.804077,163624.368376,225293.395651,302446.923369,411416.612357,48.0,27088.0,57.74461028192372,57.62341159799689,-21.53571509780842
168.81,185.67,168.45,175.25,2023-10-01,-0.0013469,-0.00098265,-0.00415118,-0.00415118,6626.54503,0.0,52.61,47.39,1.11,44.44,55.56,0.8,2.74,4.47,0.613,1.094835480448,715494,771749,27161.0,-6.19509149,14.683,57119871304635.0,320375,466028,0,27964.1959,0.4381629748440793,27161.0,1.067470076875313,-0.5852228006964459,215,50263.76518840685,28172.54054054054,49008.89194285714,73513.33791428572,1542.4610285714286,49008.89194285714,27996.0,24504.44597142857,39207.11355428572,56.648812500000005,293.28445714285715,25639.92628571429,27996.0,26310.243431,35062.637522,47657.089035,65423.644841,88321.920624,119234.592842,163810.922315,225550.260632,302791.753821,411885.683011,47.0,26911.0,68.23734729493891,160.77559828204176,14.926547578161614
175.25,188.56,167.2,182.8,2023-10-02,-0.00415118,0.00647481,-0.00415118,-0.00405835,2310.40173,24952.68,50.25,49.75,1.01,44.44,55.56,0.8,1.92,4.49,0.428,0.986207067116,1357672,1939579,28054.0,-5.41805441,16.22,57119871304635.0,344106,512268,0,27982.2938,0.466639759772013,28054.0,1.2318880788799718,-0.6024571649347266,214,50260.76830451036,28186.72972972973,49054.44954285714,73581.67431428572,1542.4610285714286,49054.44954285714,27516.0,24527.22477142857,39243.55963428571,56.648812500000005,293.28445714285715,25639.92628571429,27516.0,26340.235092,35102.606241,47711.414465,65498.222782,88422.600845,119370.51114,163997.654212,225807.370643,303136.913215,412355.201123,48.0,26970.0,58.922716627634664,201.47003972074162,52.23524600667762
182.8,189.44,180.86,186.05,2023-10-03,-0.00405835,0.01715166,-0.00405835,0.00969499,0.0,0.0,51.92,48.08,1.08,44.0,56.0,0.786,2.61,3.77,0.692,0.99873088738,663149,750020,27491.0,-6.24966235,13.982,57252656596460.0,310500,517008,0,27988.6349,0.4475111699329505,27491.0,1.2632215396148123,-0.6058270843012963,213,50263.6469148329,28207.567567567567,49100.676857142855,73651.01528571428,1542.4610285714286,49100.676857142855,27425.0,24550.338428571427,39280.54148571428,56.648812500000005,293.28445714285715,25639.92628571429,27425.0,26370.255358,35142.613081,47765.791707,65572.871852,88523.377089,119506.55907,164184.564205,226064.725873,303482.401804,412825.167039,50.0,27944.5,52.68017440369326,223.79793498216895,86.54778380177589
186.05,199.46,185.32,199.24,2023-10-04,0.00969499,0.00969499,-0.00195802,0.00381341,0.0,0.0,57.81,42.19,1.37,45.0,55.0,0.818,3.53,3.69,0.957,1.014553528133,647192,484308,27515.0,-6.47598824,12.141,57321508229258.0,287299,495659,0,27989.5586,0.4477923276677653,27515.0,1.0053955633939788,-0.5954145889412885,212,50392.32651490825,28228.47747747748,49150.12634285714,73725.18951428571,1542.4610285714286,49150.12634285714,27783.0,24575.06317142857,39320.10107428571,56.648812500000005,293.28445714285715,25639.92628571429,27783.0,26400.30425,35182.65807,47820.220801,65647.592105,88624.249431,119642.736732,164371.65243,226322.32651,303828.219842,413295.5811,50.0,27510.5,58.12048192771085,267.2993009564234,122.6980872327054
199.24,204.26,198.11,200.92,2023-10-05,0.00381341,0.00456136,-0.00285134,-0.00251724,0.0,0.0,52.61,47.39,1.11,48.0,52.0,0.923,4.41,7.92,0.557,0.946729818877,799086,729408,27643.0,-6.56541222,12.435,57321508229258.0,319169,540753,0,27990.6564,0.4514609134194327,27643.0,1.0959696705422275,-0.6094908442033447,211,50448.13860919485,28238.36036036036,49197.91011428571,73796.86517142857,1542.4610285714286,49197.91011428571,27425.0,24598.95505714285,39358.32809142857,56.648812500000005,293.28445714285715,25639.92628571429,27425.0,26430.381791,35222.741238,47874.701788,65722.383596,88725.217944,119779.044224,164558.919023,226580.172741,304174.367581,413766.443652,49.0,27359.0,60.45112781954887,269.7770173071185,152.11387324758803
200.92,210.46,200.92,209.6,2023-10-06,-0.00251724,0.00046497,-0.00365111,-0.00365111,6333.36096,11159.9104,52.38,47.62,1.1,55.56,44.44,1.25,4.81,4.62,1.041,0.996239393255,913456,739093,27702.0,-6.2547515,13.224,57321508229258.0,298490,527741,0,27989.9057,0.4529111607413725,27702.0,1.226514948120902,-0.5913994019977409,210,50484.85946003807,28251.306306306305,49248.05268571428,73872.07902857142,1542.4610285714286,49248.05268571428,27946.0,24624.026342857134,39398.44214857143,56.648812500000005,293.28445714285715,25639.92628571429,27946.0,26460.488002,35262.862614,47929.234707,65797.24638,88826.282702,119915.481647,164746.364123,226838.264756,304520.845273,414237.755037,48.0,27727.5,64.90993995997331,310.2051196638495,183.73212253084031
209.6,211.78,209.24,211.05,2023-10-07,-0.00365111,-0.00105992,-0.00365111,-0.00105992,0.0,0.0,42.86,57.14,0.75,52.53,47.47,1.107,3.64,5.4,0.674,0.91548821738,148439,160014,27934.0,-5.8211761,12.559,57321508229258.0,244396,463671,0,27989.8856,0.459898887279084,27930.0,1.3343571523815445,-0.5905975390839071,209,50502.15588378694,28265.747747747748,49298.10811428572,73947.16217142857,1542.4610285714286,49298.10811428572,27978.0,24649.054057142857,39438.48649142857,56.648812500000005,293.28445714285715,25639.92628571429,27978.0,26490.622905,35303.022227,47983.819599,65872.180511,88927.443778,120052.049101,164933.987865,227096.602744,304867.653173,414709.515602,50.0,27395.5,65.57777777777778,340.89716430614135,215.1651308859005
211.05,213.34,209.31,212.93,2023-10-08,-0.00105992,-0.00105992,-0.00701159,-0.00121311,0.0,0.0,44.44,55.56,0.8,51.52,48.48,1.063,4.19,5.08,0.825,1.031200959647,299039,265235,27924.0,-5.99007817,11.18,57321508229258.0,242292,431185,0,27989.4106,0.4598364670135729,27943.0,1.1555671657542508,-0.5952362126115549,208,50535.669095835314,28275.45945945946,49345.587257142855,74018.38088571429,1542.4610285714286,49345.587257142855,27867.0,24672.793628571428,39476.46980571429,56.648812500000005,293.28445714285715,25639.92628571429,27867.0,26520.786523,35343.220107,48038.456502,65947.186043,89028.701248,120188.746684,165121.790387,227355.186892,305214.791534,415181.72569,49.0,27915.0,69.17487107360525,352.2040692047376,242.57291854966795
212.93,212.93,204.69,207.18,2023-10-09,-0.00121311,0.00382648,-0.00436996,0.00090267,0.0,13.8155,47.92,52.08,0.92,46.46,53.54,0.868,3.37,5.02,0.671,0.954410742408,800080,787233,27686.0,-5.90117874,13.658,57321508229258.0,283492,455689,0,27990.1005,0.4579541368569823,27901.2,1.212012435223328,-0.6061885288188265,207,50575.16651792609,28268.55855855856,49392.800742857136,74089.20111428571,1542.4610285714286,49392.800742857136,27585.0,24696.400371428568,39514.24059428572,56.648812500000005,293.28445714285715,25639.92628571429,27585.0,26550.978878,35383.456282,48093.145457,66022.263033,89130.055183,120325.574498,165309.771826,227614.017389,305562.260608,415654.385646,50.0,27960.5,64.36858545292282,334.55330729674824,260.968996299084
207.18,207.34,200.9,204.2,2023-10-10,0.00090267,0.00872494,0.00090267,0.00254354,0.0,0.0,53.92,46.08,1.17,48.0,52.0,0.923,6.12,5.32,1.15,0.991946110381,449135,466345,27531.0,-6.15868433,13.445,57321508229258.0,284898,483184,0,27988.0518,0.44696411798259,27578.3,1.244748462387608,-0.6129678878425988,206,50566.63134428731,28243.324324324323,49434.5036,74151.7554,1542.4610285714286,49434.5036,27394.0,24717.2518,39547.60288,56.648812500000005,293.28445714285715,25639.92628571429,27394.0,26581.19999,35423.730783,48147.886504,66097.411534,89231.50566,120462.532641,165497.932319,227873.094425,305910.06065,416127.495815,50.0,27862.0,62.854030501089326,301.67532224294337,269.1102614878559
204.2,204.2,171.54,172.21,2023-10-11,0.00254354,0.01114411,0.00188321,0.01114411,0.0,11303.01234,57.81,42.19,1.37,44.0,56.0,0.786,7.5,3.23,2.322,0.944290386843,896413,951346,27030.0,-6.66825169,12.287,57321508229258.0,264440,468608,0,27987.3951,0.4401316241812877,27381.2,1.2195867186277412,-0.6315107545682714,205,50506.98860318323,28215.52252252252,49469.05788571428,74203.58682857142,1542.4610285714286,49469.05788571428,26859.0,24734.52894285714,39575.24630857143,56.648812500000005,293.28445714285715,25639.92628571429,26859.0,26611.449884,35464.043639,48202.679682,66172.631601,89333.052751,120599.621214,165686.272003,228132.418189,306258.191913,416601.056542,50.0,27584.0,55.074207781789006,229.8002590555734,261.24826100139944
172.21,175.71,170.42,171.8,2023-10-12,0.01114411,0.01522675,0.00603111,0.01046344,0.0,0.0,62.55,37.45,1.67,46.0,54.0,0.852,6.12,3.89,1.573,0.930276061823,390974,311511,26772.0,-6.83347811,12.839,57321508229258.0,266925,489030,0,27982.9648,0.4232952895531185,26864.8,1.2314275457711934,-0.6346440738570109,204,50450.447344181885,28179.783783783783,49505.96074285714,74258.94111428571,1542.4610285714286,49505.96074285714,26745.0,24752.98037142857,39604.76859428571,56.648812500000005,293.28445714285715,25639.92628571429,26745.0,26641.72858,35504.394879,48257.525032,66247.92329,89434.696531,120736.840316,165874.791016,228391.988869,306606.654652,417075.068173,47.0,27381.5,45.97199908193711,161.7750641474522,241.35362163061
171.8,183.68,171.61,174.04,2023-10-13,0.01046344,0.01158243,0.00664057,0.01124204,408.5115,0.0,60.78,39.22,1.55,47.0,53.0,0.887,7.35,5.29,1.389,1.012192182821,701702,394888,26823.0,-7.35795215,10.73,57321508229258.0,279380,521878,0,27978.7548,0.4191063194189013,26744.0,1.0248071635557414,-0.6311605456056277,203,50506.221818057,28146.792792792792,49541.80645714285,74312.70968571428,1542.4610285714286,49541.80645714285,26868.0,24770.903228571424,39633.44516571428,56.648812500000005,293.28445714285715,25639.92628571429,26868.0,26672.036101,35544.784532,48312.422594,66323.286654,89536.437073,120874.190049,166063.489495,228651.806654,306955.449119,417549.531052,45.0,26810.5,49.58022388059702,116.4473466080708,216.37236662610218
174.04,177.03,173.55,176.92,2023-10-14,0.01124204,0.01124204,0.00413952,0.00517634,0.0,0.0,58.16,41.84,1.39,51.52,48.48,1.063,7.6,3.29,2.31,1.048331049265,90339,152210,26888.0,-6.97804727,11.553,57321508229258.0,265074,484371,0,27977.7932,0.4219864760521838,26849.8,1.0884602642161807,-0.6318585393896967,202,50528.31942894235,28114.3963963964,49576.32645714285,74364.48968571427,1542.4610285714286,49576.32645714285,26861.0,24788.163228571422,39661.06116571429,56.648812500000005,293.28445714285715,25639.92628571429,26861.0,26702.372468,35585.212629,48367.372407,66398.72175,89638.274452,121011.670511,166252.367578,228911.871735,307304.57557,418024.445527,44.0,26812.5,48.54092526690392,79.04873774835141,188.90764085055204
176.92,185.46,176.48,185.38,2023-10-15,0.00517634,0.00645324,-0.00120379,0.00102353,0.0,0.0,57.45,42.55,1.35,53.54,46.46,1.152,8.96,4.17,2.149,1.040952634825,358351,208195,26947.0,-6.75038889,11.526,57321508229258.0,251756,440652,0,27971.517,0.4212039862100443,26836.4,1.2432132911868334,-0.6185833935289615,201,50468.99023971122,28086.62162162162,49613.812171428566,74420.71825714284,1542.4610285714286,49613.812171428566,27188.0,24806.906085714283,39691.04973714286,56.648812500000005,293.28445714285715,25639.92628571429,27188.0,26732.737704,35625.679197,48422.374512,66474.228632,89740.208743,121149.281803,166441.425402,229172.184301,307654.034258,418499.811942,47.0,26850.5,38.555240793201136,74.93246314032876,166.1126053085074
185.38,193.85,173.85,191.09,2023-10-16,0.00102353,0.01241306,0.00064786,0.01241306,140796.70803,39018.59667,50.5,49.51,1.02,50.0,50.0,1.0,3.3,7.5,0.44,1.035326111416,2538984,2636236,27905.0,-6.44073992,14.325,59373391582489.0,299641,502717,0,27965.1797,0.4304134549819561,27139.8,1.061562842746726,-0.5712153819239152,200,50499.38813604399,28067.25225225225,49659.71502857142,74489.57254285713,1542.4610285714286,49659.71502857142,28524.0,24829.85751428571,39727.77202285714,56.648812500000005,293.28445714285715,25639.92628571429,28524.0,26763.131832,35666.184268,48477.428949,66549.807354,89842.240018,121287.024025,166630.663104,229432.744541,308003.825439,418975.630644,45.0,26830.0,61.49110807113543,177.42902903842332,168.37589005449058
191.09,200.95,190.91,200.71,2023-10-17,0.01241306,0.01241306,-0.00540976,-0.00289281,1351.18914,0.0,48.72,51.28,0.95,54.64,45.36,1.205,1.64,5.59,0.293,0.997841469151,413818,401731,28391.0,-6.64741757,13.774,61030681983176.0,294095,501058,0,27966.5376,0.4736459498512101,28486.3,1.277925156851168,-0.5730845088100285,199,50448.4203323596,28052.34234234234,49705.16645714285,74557.74968571427,1542.4610285714286,49705.16645714285,28442.0,24852.583228571424,39764.13316571428,56.648812500000005,293.28445714285715,25639.92628571429,28442.0,26793.554872,35706.72787,48532.535757,66625.457973,89944.368353,121424.897277,166820.080824,229693.552644,308353.949366,419451.90198,47.0,27122.0,61.617546264564766,249.16931253079747,184.53457454975197
200.71,228.15,200.7,226.94,2023-10-18,-0.00289281,0.00326377,-0.01069077,-0.00363727,1560.09664,0.0,43.82,56.18,0.78,55.67,44.33,1.256,2.39,4.92,0.486,0.985010314495,766457,789976,28408.0,-6.66906605,12.873,61030681983176.0,271200,476711,0,27966.1484,0.4696789290567945,28381.9,1.1393691731925892,-0.577431361853014,198,50470.447821826514,28033.135135135137,49751.85217142857,74627.77825714285,1542.4610285714286,49751.85217142857,28331.0,24875.926085714284,39801.48173714286,56.648812500000005,293.28445714285715,25639.92628571429,28331.0,26824.006848,35747.310033,48587.694978,66701.180542,90046.593822,121562.90166,167009.678698,229954.608801,308704.406295,419928.626295,52.0,28441.5,56.634382566585955,293.68185016692223,206.36402967318602
226.94,229.35,223.94,229.35,2023-10-19,-0.00363727,0.00379654,-0.00517147,-0.00134772,3834.12373,0.0,48.98,51.02,0.96,53.61,46.39,1.156,3.57,3.87,0.922,1.010227583595,496497,481636,28482.0,-6.86053551,12.274,61030681983176.0,281867,507591,0,27966.2082,0.4667006706057903,28307.1,1.0949198444646435,-0.5620148189421688,197,50489.480653408886,28017.567567567567,49800.85788571428,74701.28682857142,1542.4610285714286,49800.85788571428,28782.0,24900.42894285714,39840.68630857143,56.648812500000005,293.28445714285715,25639.92628571429,28782.0,26854.487781,35787.930786,48642.90665,66776.975118,90148.9165,121701.037275,167199.456864,230215.913202,309055.19648,420405.803937,50.0,28422.0,66.06677717262609,361.18675173178053,237.32857408490491
229.35,229.36,214.2,214.29,2023-10-20,-0.00134772,0.00468887,-0.00582027,0.00468887,3238.08014,46.75104,42.2,57.8,0.73,55.1,44.9,1.227,3.21,4.43,0.725,1.06358150711,1511416,1365732,29422.0,-5.65789416,15.609,61030681983176.0,295754,544425,0,27969.6666,0.4790683672282198,28697.0,1.0638063191319445,-0.5325844559652939,196,50556.502207314086,28009.432432432437,49849.58931428571,74774.38397142856,1542.4610285714286,49849.58931428571,29681.0,24924.79465714285,39879.67145142857,56.648812500000005,293.28445714285715,25639.92628571429,29681.0,26884.997693,35828.590159,48698.170815,66852.841755,90251.33646,121839.30422,167389.41546,230477.466036,309406.320177,420883.435252,52.0,28301.5,68.85459682677678,481.6742187500422,286.1977030179324
214.29,215.25,199.78,200.15,2023-10-21,0.00468887,0.00468887,-0.01159281,-0.00181943,8706.31095,0.0,40.48,59.52,0.68,53.06,46.94,1.13,3.23,4.44,0.727,1.023346862776,673460,700988,29793.0,-5.79846648,12.457,61030681983176.0,270471,500373,0,27977.3151,0.5108267760108478,29653.0,1.22665285900463,-0.5238825745736868,195,50522.04257487701,28003.18018018018,49898.90359999999,74848.35539999999,1542.4610285714286,49898.90359999999,29920.0,24949.451799999995,39919.12288,56.648812500000005,293.28445714285715,25639.92628571429,29920.0,26915.536608,35869.288182,48753.487511,66928.780508,90353.853776,121977.702598,167579.554625,230739.267493,309757.777641,421361.520588,53.0,28686.5,70.1955074875208,589.6495935506719,346.88808112448027
200.15,205.86,198.78,205.27,2023-10-22,-0.00181943,0.00142198,-0.0040402,-0.00108209,0.0,348.88815,37.89,62.11,0.61,56.12,43.88,1.279,3.23,5.33,0.606,1.000075965183,591973,444035,29916.0,-5.58476298,12.049,61030681983176.0,252304,453899,0,27984.6718,0.5185153776799047,29895.4,1.25938758378765,-0.5218302068617895,194,50533.04650504949,27992.666666666668,49950.69217142856,74926.03825714285,1542.4610285714286,49950.69217142856,29988.0,24975.34608571428,39960.55373714285,56.648812500000005,293.28445714285715,25639.92628571429,29988.0,26946.104546,35910.024884,48808.856781,67004.791433,90456.468525,122116.232509,167769.874497,231001.317765,310109.569126,421840.060292,63.0,29666.5,72.25603357817418,672.9505328554333,412.1005714706709
205.27,207.14,146.98,146.98,2023-10-23,-0.00108209,0.01164579,-0.00108209,0.00392262,416643.95851,2992.17771,40.12,59.88,0.67,56.12,43.88,1.279,4.51,5.18,0.871,1.064177859957,4311876,3681602,30877.0,-4.5801182,15.135,61030681983176.0,301623,503768,0,27994.1305,0.520763759282471,29981.4,1.2935637890737497,-0.4232340538477093,193,50479.03725500584,28013.27027027027,50021.8636,75032.7954,1542.4610285714286,50021.8636,33060.0,25010.9318,40017.49088,56.648812500000005,293.28445714285715,25639.92628571429,33060.0,26976.70153,35950.800294,48864.278663,67080.874584,90559.18078,122254.894052,167960.375213,231263.61704,310461.694889,422319.054712,53.0,29953.0,86.23428193249504,975.6056786599547,524.8015929085277
146.98,162.42,144.85,149.81,2023-10-24,0.00392262,0.04179327,-0.01564606,0.00074165,20181.43404,13027.83282,50.0,50.0,1.0,55.1,44.9,1.227,2.18,4.2,0.519,0.981865461229,3581302,3608972,34086.0,-0.42400975,26.781,61030681983176.0,373728,582245,0,28017.6716,0.6325228295859281,33074.0,1.1431998301634736,-0.3969444281009906,192,50472.10593351107,28044.486486486487,50109.66754285715,75164.50131428572,1542.4610285714286,50109.66754285715,33936.0,25054.833771428574,40087.73403428572,56.648812500000005,293.28445714285715,25639.92628571429,33936.0,27007.327583,35991.614442,48919.753198,67157.030018,90661.990615,122393.68733,168151.056913,231526.16551,310814.155186,422798.504196,53.0,29958.5,89.69660194174757,1271.4909845904513,674.1394712449124
149.81,157.04,146.34,152.78,2023-10-25,0.00074165,0.02297647,0.00074165,0.0167717,0.0,0.0,50.25,49.75,1.01,51.55,48.45,1.064,2.19,3.77,0.581,0.987163767125,1622184,1599689,34329.0,-2.12695596,20.218,61030681983176.0,476405,648269,0,28044.4934,0.6639885464221598,33921.2,1.338587360587251,-0.3803374405917292,191,50508.26525222069,28085.76576576577,50216.02777142857,75324.04165714285,1542.4610285714286,50216.02777142857,34529.0,25108.013885714285,40172.82221714286,56.648812500000005,293.28445714285715,25639.92628571429,34529.0,27037.982726,36032.467359,48975.280426,67233.257789,90764.898105,122532.612442,168341.919734,231788.963365,311166.950271,423278.40909,66.0,33039.0,96.21595565196434,1536.124874027846,846.5365518014992
152.78,157.54,151.29,155.83,2023-10-26,0.0167717,0.0171674,0.00845974,0.00845974,0.0,5657.12396,45.65,54.35,0.84,48.42,51.58,0.939,1.59,5.52,0.288,0.962808954725,893634,965157,34341.0,-2.35577307,17.802,61030681983176.0,431106,619694,0,28073.5754,0.6849006298681267,34487.7,1.4165323559947955,-0.3917795331494211,190,50471.0268586282,28119.63963963964,50310.568971428576,75465.85345714286,1542.4610285714286,50310.568971428576,34111.0,25155.284485714288,40248.45517714287,56.648812500000005,293.28445714285715,25639.92628571429,34111.0,27068.666982,36073.359073,49030.860387,67309.557952,90867.903326,122671.66949,168532.963815,232052.010796,311520.080402,423758.769744,72.0,33950.0,92.81562427342479,1692.6086919742047,1015.7509798360404
155.83,168.74,155.36,164.48,2023-10-27,0.00845974,0.02392584,0.00845974,0.02392584,0.0,2069.47365,53.27,46.73,1.14,47.92,52.08,0.92,1.98,4.47,0.443,0.934914800227,593412,628068,33969.0,-3.31893841,15.103,61030681983176.0,452662,647139,0,28098.4738,0.6703952549675124,34154.1,1.4340753995487618,-0.3981055653585841,189,50490.54198097059,28152.17117117117,50406.618514285714,75609.92777142857,1542.4610285714286,50406.618514285714,33909.0,25203.309257142857,40325.294811428575,56.648812500000005,293.28445714285715,25639.92628571429,33909.0,27099.380373,36114.289614,49086.493123,67385.930563,90971.006351,122810.858574,168724.189295,232315.307994,311873.545833,424239.586507,71.0,34560.5,90.5540836309181,1779.807025784321,1168.5621890256966
164.48,164.79,161.58,163.95,2023-10-28,0.02392584,0.02392584,0.00641842,0.0184471,0.0,0.0,55.36,44.64,1.24,46.32,53.68,0.863,2.86,5.09,0.562,1.056362575742,355435,381548,34091.0,-4.11585046,13.216,61030681983176.0,564223,690488,0,28115.1252,0.6590855122147357,33893.1,1.4786923138917885,-0.3930546627847811,188,50448.01654714275,28187.3963963964,50505.21365714285,75757.82048571427,1542.4610285714286,50505.21365714285,34052.0,25252.606828571425,40404.17092571428,56.648812500000005,293.28445714285715,25639.92628571429,34052.0,27130.122922,36155.259012,49142.178672,67462.375677,91074.207255,122950.179795,168915.596311,232578.855149,312227.346822,424720.859725,70.0,34090.0,90.7791765906771,1839.2495149428541,1302.6996542091283
163.95,170.86,163.95,170.79,2023-10-29,0.0184471,0.02137205,0.01477398,0.02137205,0.0,0.0,52.15,47.85,1.09,49.47,50.53,0.979,7.13,4.86,1.467,1.027820811587,468583,439100,34305.0,-3.77727012,9.145,61030681983176.0,410153,538586,0,28133.0272,0.6654898266593273,34086.6,1.2698388439228945,-0.3777949769322237,187,50447.12986427404,28224.747747747748,50609.39582857143,75914.09374285713,1542.4610285714286,50609.39582857143,34575.0,25304.697914285716,40487.516662857146,56.648812500000005,293.28445714285715,25639.92628571429,34575.0,27160.89465,36196.267296,49197.917077,67538.89335,91177.506114,123089.633254,169107.185004,232842.652452,312581.483624,425202.589749,65.0,33892.0,90.97969599467436,1906.5819549964872,1423.4761143666
170.79,184.79,169.29,182.88,2023-10-30,0.02137205,0.02597494,0.01324484,0.02597494,9690.1722,13.74216,47.37,52.63,0.9,48.96,51.04,0.959,6.53,5.64,1.158,0.963778753029,746898,833197,34445.0,-4.30049485,10.139,62224673386140.0,463046,613498,0,28151.7954,0.6816653952441115,34528.5,1.4653333695646331,-0.3809111789723047,186,50500.66165717939,28259.72972972973,50711.48588571428,76067.22882857142,1542.4610285714286,50711.48588571428,34504.0,25355.74294285714,40569.18870857143,56.648812500000005,293.28445714285715,25639.92628571429,34504.0,27191.695579,36237.314496,49253.708375,67615.483637,91280.903001,123229.219052,169298.955511,233106.700095,312935.956497,425684.776927,72.0,34111.0,88.59060402684564,1931.944043870455,1525.1697002673711
182.88,182.99,161.45,161.53,2023-10-31,0.02597494,0.02597494,0.01470508,0.0215122,4064.78691,0.0,50.74,49.26,1.03,46.81,53.19,0.88,6.3,5.79,1.088,0.992355585352,696222,789676,34392.0,-4.3735546,9.741,62463471666733.0,433596,609207,0,28168.6749,0.6787615434476046,34483.8,1.4510285498594315,-0.3773340535348364,185,50474.92665902965,28297.65765765766,50812.69211428571,76219.03817142856,1542.4610285714286,50812.69211428571,34610.0,25406.34605714285,40650.15369142857,56.648812500000005,293.28445714285715,25639.92628571429,34610.0,27222.525733,36278.400643,49309.55261,67692.146594,91384.397993,123368.93729,169490.907972,233370.998268,313290.765697,426167.421609,68.0,34563.0,89.68090581574884,1938.2540104370055,1607.786562301298
161.53,165.95,156.34,162.58,2023-11-01,0.0215122,0.02286308,0.01451409,0.02286308,7932.93498,268.17726,47.64,52.36,0.91,46.88,53.13,0.882,5.63,6.91,0.815,1.000927795542,1494283,1667083,34583.0,-3.44921298,14.308,62463471666733.0,463495,616947,0,28187.2277,0.6841820721019338,34651.3,1.3968541253732605,-0.3480579217262711,184,50403.792693882526,28334.8018018018,50920.68119999999,76381.02179999999,1542.4610285714286,50920.68119999999,35588.0,25460.3406,40736.54496,56.648812500000005,293.28445714285715,25639.92628571429,35588.0,27253.385134,36319.525765,49365.44982,67768.882275,91487.991163,123508.78807,169683.042526,233635.547164,313645.911481,426650.524143,66.0,34560.0,92.00138904965853,1999.1264456622303,1686.0545389734848
162.58,184.42,162.25,181.43,2023-11-02,0.02286308,0.03082341,0.01053331,0.01120313,3576.55458,765.71817,42.86,57.14,0.75,50.0,50.0,1.0,5.08,4.73,1.074,0.938011939835,1256857,1562980,35158.0,-3.22603147,11.729,62463471666733.0,403397,574163,0,28209.1798,0.714253444977579,35437.5,1.3854281696544632,-0.3677400342414092,183,50465.32535361576,28376.423423423425,51023.78062857143,76535.67094285713,1542.4610285714286,51023.78062857143,34937.0,25511.890314285716,40819.02450285714,56.648812500000005,293.28445714285715,25639.92628571429,34937.0,27284.273803,36360.689893,49421.400046,67845.690738,91591.682587,123648.771493,169875.35931,233900.346973,314001.394105,427134.08488,66.0,34652.5,84.81728702341894,1972.104832853929,1743.2645977495738
181.43,192.46,181.42,192.43,2023-11-03,0.01120313,0.01120313,0.00524583,0.0108853,0.0,51211.05,50.25,49.75,1.01,42.71,57.29,0.746,5.28,6.73,0.785,0.950051980052,665206,811084,35158.0,-3.22603147,11.729,62463471666733.0,403397,574163,0,28232.0405,0.6930298375686657,34940.0,1.283151351589383,-0.3735856894269975,182,50450.26406692567,28416.234234234234,51126.77091428571,76690.15637142857,1542.4610285714286,51126.77091428571,34723.0,25563.385457142856,40901.41673142857,56.648812500000005,293.28445714285715,25639.92628571429,34723.0,27315.191764,36401.893056,49477.403328,67922.572036,91695.47234,123788.887659,170067.858466,234165.397887,314357.213828,427618.104169,72.0,35566.5,80.91734118224184,1911.3886993676097,1776.889418073181
192.43,192.94,187.07,187.28,2023-11-04,0.0108853,0.01695286,-0.00641989,0.00924467,0.0,0.0,49.75,50.25,0.99,44.33,55.67,0.796,4.67,4.71,0.992,1.081654805236,441153,357545,35158.0,-3.22603147,11.729,62463471666733.0,403397,574163,0,28252.8635,0.6823217739519157,34700.5,1.5716080484040331,-0.3619217201128126,181,50408.07296903712,28459.65765765766,51231.76434285714,76847.6465142857,1542.4610285714286,51231.76434285714,35101.0,25615.88217142857,40985.41147428571,56.648812500000005,293.28445714285715,25639.92628571429,35101.0,27346.139038,36443.135284,49533.459708,67999.526226,91799.360497,123929.13667,170260.540131,234430.700098,314713.370905,428102.58236,65.0,34870.0,81.23718798987098,1872.1907178684414,1795.9496780322334
187.28,192.04,185.56,188.16,2023-11-05,0.00924467,0.02065303,0.00751907,0.01452247,0.0,0.0,44.44,55.56,0.8,49.48,50.52,0.979,7.37,4.39,1.679,0.981239518358,635478,568496,35158.0,-3.22603147,11.729,62463471666733.0,403397,574163,0,28276.8455,0.6955731723621569,35069.6,1.5385634120485323,-0.3623743714051919,180,50340.38100031836,28503.747747747748,51339.32045714286,77008.98068571428,1542.4610285714286,51339.32045714286,35038.0,25669.66022857143,41071.456365714286,56.648812500000005,293.28445714285715,25639.92628571429,35038.0,27377.115648,36484.416606,49589.569226,68076.553363,91903.347132,124069.518628,170453.404446,234696.253797,315069.865596,428587.519804,68.0,34727.0,80.46573359073359,1815.118900820733,1799.7835225899335
188.16,196.24,186.65,194.19,2023-11-06,0.01452247,0.02451788,0.00564965,0.02451788,0.0,0.0,43.82,56.18,0.78,53.61,46.39,1.156,10.27,4.17,2.463,1.001833640859,357119,415153,35001.0,-4.27361418,6.564,62463471666733.0,439192,510970,0,28305.1688,0.6923880837293843,35025.6,1.1952564026500851,-0.3645848504360618,179,50392.7438743785,28550.054054054053,51448.85108571428,77173.27662857142,1542.4610285714286,51448.85108571428,34997.0,25724.42554285714,41159.08086857143,56.648812500000005,293.28445714285715,25639.92628571429,34997.0,27408.121617,36525.737054,49645.731921,68153.653503,92007.432322,124210.033634,170646.451549,234962.059176,315426.698156,429072.91685,70.0,35029.0,68.42305497431995,1746.4487432953756,1789.116566731022
194.19,194.89,171.48,171.51,2023-11-07,0.02451788,0.02451788,0.00592594,0.00592594,805.88307,0.0,46.52,53.48,0.87,48.96,51.04,0.959,9.23,4.28,2.157,1.003042275186,916159,943518,34968.0,-4.21123129,7.151,62463471666733.0,450238,508585,0,28337.1667,0.6921205155779692,35057.5,1.2487520941075458,-0.3537786153231153,178,50482.14659794819,28599.828828828828,51558.76348571429,77338.14522857143,1542.4610285714286,51558.76348571429,35440.0,25779.381742857146,41247.01078857143,56.648812500000005,293.28445714285715,25639.92628571429,35440.0,27439.156966,36567.096656,49701.947836,68230.826702,92111.61614,124350.68179,170839.681579,235228.116428,315783.868845,429558.773849,74.0,35019.5,65.58872305140962,1708.0838193846757,1772.910017261753
171.51,253.14,169.4,171.46,2023-11-08,0.00592594,0.02475498,0.00592594,0.01297489,893.93993,0.0,41.86,58.14,0.72,54.08,45.92,1.178,10.38,6.13,1.693,1.020840274694,938010,817105,35394.0,-4.73456136,7.053,62463471666733.0,583052,619936,0,28373.2321,0.7043128752785904,35406.5,1.414687998539765,-0.3481136042256825,177,50487.33379066485,28652.513513513517,51667.3764,77501.06459999998,1542.4610285714286,51667.3764,35645.0,25833.6882,41333.90112,56.648812500000005,293.28445714285715,25639.92628571429,35645.0,27470.221718,36608.495442,49758.217009,68308.073016,92215.898664,124491.463196,171033.094678,235494.425744,316141.377919,430045.091153,68.0,35071.0,62.57889990982867,1674.9137642479764,1753.3107666589976
171.46,177.05,161.43,162.18,2023-11-09,0.01297489,0.0265171,0.01297489,0.0265171,181940.8311,16156.60311,39.02,60.98,0.64,54.08,45.92,1.178,10.39,4.53,2.294,1.033260973391,4057785,3777099,36586.0,-3.32222103,9.797,62463471666733.0,573323,613490,0,28409.5989,0.711672827127867,35633.0,1.3632426696560678,-0.3200317547162417,176,50503.63307680304,28713.45045045045,51781.99085714286,77672.98628571429,1542.4610285714286,51781.99085714286,36672.0,25890.99542857143,41425.59268571429,56.648812500000005,293.28445714285715,25639.92628571429,36672.0,27501.315895,36649.933442,49814.539483,68385.392499,92320.279967,124632.377955,171226.690983,235760.987317,316499.225637,430531.869112,66.0,35394.5,75.38156590683846,1711.7644188930426,1745.0014971058067
162.18,174.57,161.62,170.52,2023-11-10,0.0265171,0.02986732,0.00755494,0.01345911,0.0,0.0,50.0,50.0,1.0,52.04,47.96,1.085,6.73,5.78,1.164,0.966478235189,950371,1140393,36586.0,-3.32222103,9.797,62463471666733.0,573323,613490,0,28450.7185,0.7538298726188913,36719.5,1.5067544317124824,-0.3014477546715888,175,50452.42029505897,28781.018018018018,51900.91914285714,77851.37871428572,1542.4610285714286,51900.91914285714,37322.0,25950.45957142857,41520.73531428572,56.648812500000005,293.28445714285715,25639.92628571429,37322.0,27532.439521,36691.410687,49870.915297,68462.785209,92424.760125,124773.426168,171420.470635,236027.801339,316857.412258,431019.108077,69.0,35725.0,81.06681230657199,1772.980579439536,1750.5973135725526
170.52,172.34,162.77,165.08,2023-11-11,0.01345911,0.0191391,0.01270179,0.0150723,0.0,0.0,43.18,56.82,0.76,55.56,44.44,1.25,7.94,4.87,1.63,0.956891457245,501823,492725,36586.0,-3.32222103,9.797,62463471666733.0,573323,613490,0,28494.1236,0.7770932929863632,37330.3,1.589004547273079,-0.3071618453777951,174,50477.78039694517,28844.513513513517,52018.9444,78028.4166,1542.4610285714286,52018.9444,37128.0,26009.4722,41615.15552,56.648812500000005,293.28445714285715,25639.92628571429,37128.0,27563.592617,36732.927206,49927.344493,68540.2512,92529.339213,124914.607937,171614.433773,236294.868002,317215.938039,431506.8084,70.0,36683.5,77.74170274170274,1785.2612684210908,1757.5301045422602
165.08,175.08,164.73,175.08,2023-11-12,0.0150723,0.0354663,0.0150723,0.0354663,0.0,0.0,45.05,54.95,0.82,54.08,45.92,1.178,8.6,4.79,1.795,0.985315557834,281148,529831,36586.0,-3.32222103,9.797,62463471666733.0,573323,613490,0,28530.2166,0.768300504255938,37162.0,1.587012609574894,-0.3079342856270202,173,50392.97087597117,28915.405405405407,52136.45211428571,78204.67817142856,1542.4610285714286,52136.45211428571,37037.0,26068.226057142856,41709.16169142857,56.648812500000005,293.28445714285715,25639.92628571429,37037.0,27594.775206,36774.483028,49983.82711,68617.790529,92634.017307,125055.923364,171808.580538,236562.187499,317574.803239,431994.970433,70.0,37378.5,74.08059467918623,1767.2787738234983,1759.479838398508
175.08,194.93,175.07,191.47,2023-11-13,0.0354663,0.0354663,0.02145842,0.02189604,0.0,5202.40361,44.44,55.56,0.8,55.1,44.9,1.227,8.68,4.53,1.916,0.946781586953,683564,774579,36586.0,-3.32222103,9.797,62463471666733.0,573323,613490,0,28564.9612,0.7634908427231958,37088.0,1.187800691409522,-0.324270283319267,172,50402.81966118618,28980.504504504504,52251.9948,78377.99220000001,1542.4610285714286,52251.9948,36444.0,26125.9974,41801.59584,56.648812500000005,293.28445714285715,25639.92628571429,36444.0,27625.98731,36816.078185,50040.36319,68695.403251,92738.794482,125197.372551,172002.911069,236829.760023,317934.008116,432483.594526,73.0,37094.0,67.21689740859071,1685.7451524285352,1744.7329012045136
191.47,248.73,191.47,244.81,2023-11-14,0.02189604,0.02681346,0.01613191,0.02681346,0.0,62727.41151,52.38,47.62,1.1,52.04,47.96,1.085,10.35,4.63,2.235,0.901562630842,1744657,2153260,36586.0,-3.32222103,9.797,62463471666733.0,573323,613490,0,28596.1553,0.7373148183096521,36486.2,1.3300760063109336,-0.3501542893860776,171,50455.63552099626,29036.369369369368,52361.09611428572,78541.64417142858,1542.4610285714286,52361.09611428572,35550.0,26180.54805714286,41888.876891428576,56.648812500000005,293.28445714285715,25639.92628571429,35550.0,27657.228952,36857.712705,50096.952774,68773.089423,92843.670814,125338.955599,172197.425506,237097.585766,318293.552929,432972.681033,72.0,37105.0,57.31859233883525,1531.338524242412,1702.0540258120934
244.81,247.88,176.01,176.01,2023-11-15,0.02681346,0.02681346,-0.00282922,-0.00282922,3700.36015,4642.48602,57.08,42.92,1.33,49.48,50.52,0.979,4.74,5.76,0.823,1.05178396024,5106172,4100741,36586.0,-3.32222103,9.797,62463471666733.0,573323,613490,0,28623.9014,0.6989528822077253,35560.7,1.3887669299819874,-0.286515722095249,170,50466.437446082346,29114.38738738739,52479.55931428571,78719.33897142857,1542.4610285714286,52479.55931428571,37894.0,26239.77965714285,41983.64745142857,56.648812500000005,293.28445714285715,25639.92628571429,37894.0,27688.500154,36899.38662,50153.595901,68850.8491,92948.646378,125480.672611,172392.123989,237365.664921,318653.437938,433462.230305,69.0,36312.0,64.80482794042116,1579.899273962772,1677.623075442229
176.01,220.06,151.59,179.15,2023-11-16,-0.00282922,0.04070976,-0.01984087,0.04070976,90.03456,6431.69618,41.18,58.82,0.7,55.1,44.9,1.227,4.3,4.84,0.888,0.933199477658,3579858,3882190,36586.0,-3.32222103,9.797,62463471666733.0,573323,613490,0,28660.5138,0.7914680041859558,37885.6,1.4770527725522244,-0.3340589998746086,169,50443.32132146228,29175.711711711712,52588.95251428571,78883.42877142856,1542.4610285714286,52588.95251428571,36118.0,26294.47625714285,42071.16201142857,56.648812500000005,293.28445714285715,25639.92628571429,36118.0,27719.800939,36941.099958,50210.292613,68928.682339,93053.72125,125622.523688,172587.006659,237633.997681,319013.663401,433952.242695,60.0,35632.5,56.62515426904521,1458.2656815902592,1633.7515966718352
179.15,181.55,167.92,176.14,2023-11-17,0.04070976,0.04070976,-0.01090652,-0.00080096,0.0,827.66,54.34,45.66,1.19,51.55,48.45,1.064,4.95,4.51,1.098,0.993503701584,2226376,2197464,36586.0,-3.32222103,9.797,62463471666733.0,573323,613490,0,28694.9979,0.7200072083560977,36176.0,1.423652221140781,-0.3201255173014097,168,50417.46680852302,29241.144144144146,52700.04834285714,79050.07251428571,1542.4610285714286,52700.04834285714,36606.0,26350.02417142857,42160.03867428572,56.648812500000005,293.28445714285715,25639.92628571429,36606.0,27751.13133,36982.85275,50267.042951,69006.589194,93158.895506,125764.508933,172782.073655,237902.58424,319374.229578,434442.718555,70.0,37908.5,60.24817677152499,1385.2790701121921,1584.0570913599067
176.14,198.74,169.84,193.81,2023-11-18,-0.00080096,0.00976496,-0.00080096,0.0051255,0.0,0.0,50.25,49.75,1.01,51.0,49.0,1.041,4.1,5.89,0.696,0.982268715084,695635,809541,36586.0,-3.32222103,9.797,62463471666733.0,573323,613490,0,28732.2055,0.7361185719225795,36621.9,1.4300705479938338,-0.3215103998863799,167,50416.99777360683,29306.567567567567,52811.96211428571,79217.94317142856,1542.4610285714286,52811.96211428571,36555.0,26405.981057142853,42249.569691428565,56.648812500000005,293.28445714285715,25639.92628571429,36555.0,27782.491348,37024.645026,50323.846956,69084.569724,93264.16922,125906.628447,172977.325119,238171.42479,319735.136728,434933.658239,63.0,36134.0,58.20541760722348,1308.2407953631337,1528.8938321605524
193.81,198.89,172.5,176.75,2023-11-19,0.0051255,0.0056701,0.00162708,0.0056701,3386.50677,0.0,47.37,52.63,0.9,52.53,47.47,1.107,4.87,4.41,1.104,1.067878311484,1057126,655693,36586.0,-3.32222103,9.797,62463471666733.0,573323,613490,0,28767.8166,0.7327739027095144,36580.9,1.6249625875683102,-0.2992582311341234,166,50363.65610620309,29379.72972972973,52927.41617142857,79391.12425714286,1542.4610285714286,52927.41617142857,37338.0,26463.708085714286,42341.93293714286,56.648812500000005,293.28445714285715,25639.92628571429,37338.0,27813.881017,37066.476816,50380.704668,69162.623982,93369.542469,126048.882334,173172.761189,238440.519525,320096.38511,435425.062099,69.0,36480.0,62.004175365344466,1295.435984145348,1482.2022625575116
176.75,189.55,176.68,178.37,2023-11-20,0.0056701,0.01200751,0.00550326,0.00550326,0.0,0.0,42.53,57.47,0.74,51.0,49.0,1.041,4.31,5.31,0.812,0.962812072142,1856202,1910573,36586.0,-3.32222103,9.797,62463471666733.0,573323,613490,0,28804.4052,0.7631737411985136,37375.8,1.6164242507680413,-0.2921465411189921,165,50265.24073996576,29450.018018018018,53044.72245714285,79567.08368571429,1542.4610285714286,53044.72245714285,37531.0,26522.361228571423,42435.77796571428,56.648812500000005,293.28445714285715,25639.92628571429,37531.0,27845.300359,37108.34815,50437.616128,69240.752026,93475.015329,126191.270694,173368.382008,238709.868638,320457.974984,435916.930488,66.0,36549.5,63.01890669954789,1286.0369328021188,1442.9691966064331
178.37,204.42,175.66,187.94,2023-11-21,0.00550326,0.01004893,-0.00324039,0.00051765,11.0454,4015.25146,41.18,58.82,0.7,52.0,48.0,1.083,4.88,4.23,1.154,0.920769345946,3018716,3381944,36586.0,-3.32222103,9.797,62463471666733.0,573323,613490,0,28840.0228,0.7649491218954051,37462.5,1.4839193292999653,-0.3390506815018224,164,50197.46467327221,29509.576576576572,53151.52988571428,79727.29482857141,1542.4610285714286,53151.52988571428,35763.0,26575.76494285714,42521.22390857143,56.648812500000005,293.28445714285715,25639.92628571429,35763.0,27876.749396,37150.259058,50494.581377,69318.953912,93580.587875,126333.793631,173564.187715,238979.472323,320819.90661,436409.263761,69.0,37255.0,51.46061318621688,1122.9802751081152,1378.9714123067695
187.94,202.09,151.07,151.13,2023-11-22,0.00051765,0.00902132,-0.00410638,0.00902132,11.19192,0.0,54.34,45.66,1.19,49.0,51.0,0.961,6.4,4.18,1.531,1.054927642699,2942439,2429565,36586.0,-3.32222103,9.797,62463471666733.0,573323,613490,0,28869.5816,0.6943819569064341,35730.2,1.3180910978471836,-0.2936675302443277,163,50199.56998122909,29583.882882882885,53269.10594285714,79903.65891428571,1542.4610285714286,53269.10594285714,37425.0,26634.55297142857,42615.28475428571,56.648812500000005,293.28445714285715,25639.92628571429,37425.0,27908.228152,37192.209571,50551.600457,69397.229696,93686.260183,126476.451247,173760.178452,239249.330773,321182.180248,436902.06227,71.0,37507.5,57.112034521336106,1115.0130330389366,1326.179736453203
151.13,154.49,145.89,146.56,2023-11-23,0.00902132,0.01005743,0.00658573,0.00658573,0.0,0.0,42.2,57.8,0.73,54.0,46.0,1.174,6.28,3.72,1.688,0.982108524948,855961,866450,36586.0,-3.32222103,9.797,62463471666733.0,573323,613490,0,28906.9245,0.7595457904154875,37413.4,1.4246561923944046,-0.2960546062041107,162,50154.164443915455,29657.945945945947,53383.78074285714,80075.67111428571,1542.4610285714286,53383.78074285714,37302.0,26691.89037142857,42707.02459428572,56.648812500000005,293.28445714285715,25639.92628571429,37302.0,27939.736648,37234.199718,50608.673407,69475.579434,93792.032329,126619.243644,173956.354358,239519.444183,321544.796159,437395.326369,62.0,35949.0,52.713178294573645,1086.2522247734669,1278.194234117256
146.56,155.1,140.1,151.29,2023-11-24,0.00658573,0.02462857,0.00228203,0.02462857,149504.92558,3514.22919,45.36,54.64,0.83,52.0,48.0,1.083,7.81,3.86,2.023,1.012649161806,2520027,2671337,36586.0,-3.32222103,9.797,62463471666733.0,573323,613490,0,28948.7354,0.7528226994583345,37294.4,1.6180970729771185,-0.2821947426331626,161,50034.02547170876,29736.288288288288,53501.41034285713,80252.1155142857,1542.4610285714286,53501.41034285713,37732.0,26750.705171428566,42801.12827428571,56.648812500000005,293.28445714285715,25639.92628571429,37732.0,27971.274908,37276.229529,50665.800269,69554.003182,93897.904389,126762.170926,174152.715575,239789.812746,321907.754601,437889.056414,66.0,37430.0,51.79982440737489,1085.641879553812,1239.6837632045672
151.29,152.12,149.18,149.87,2023-11-25,0.02462857,0.02462857,-0.01489055,0.00392536,0.0,0.0,42.53,57.47,0.74,50.51,49.49,1.021,5.83,5.27,1.106,0.979820073748,287348,322004,36586.0,-3.32222103,9.797,62463471666733.0,573323,613490,0,28993.9691,0.7675185174086812,37706.3,1.544743948190867,-0.2780568186921677,160,49900.04710880973,29815.063063063066,53619.50028571428,80429.25042857142,1542.4610285714286,53619.50028571428,37787.0,26809.75014285714,42895.60022857143,56.648812500000005,293.28445714285715,25639.92628571429,37787.0,28002.842954,37318.299035,50722.981084,69632.500996,94003.876439,126905.233193,174349.262243,240060.436656,322271.055836,438383.252757,66.0,37278.0,52.92862856634966,1077.1791660107338,1207.1828437658005
149.87,157.32,146.25,152.68,2023-11-26,0.00392536,0.00475579,-0.00359514,-0.00359514,0.0,35359.09112,42.53,57.47,0.74,49.0,51.0,0.961,6.03,4.05,1.489,0.962191878122,752866,770403,36586.0,-3.32222103,9.797,62463471666733.0,573323,613490,0,29038.8021,0.767961602803961,37766.6,1.416796379248131,-0.2861308116739973,159,49877.2340262363,29889.828828828828,53736.25954285714,80604.38931428571,1542.4610285714286,53736.25954285714,37466.0,26868.12977142857,42989.00763428572,56.648812500000005,293.28445714285715,25639.92628571429,37466.0,28034.440808,37360.408266,50780.215893,69711.072934,94109.948555,127048.430549,174545.994504,240331.316107,322634.700125,438877.915753,73.0,37743.5,51.86830415469036,1032.6664512289863,1172.2795652584377
152.68,156.97,141.78,144.26,2023-11-27,-0.00359514,0.00700542,-0.00359514,0.00390131,0.0,301.77346,47.37,52.63,0.9,51.0,49.0,1.041,6.8,4.44,1.532,0.948711738215,1783371,1764046,36586.0,-3.32222103,9.797,62463471666733.0,573323,613490,0,29084.7274,0.752651970681445,37437.9,1.2485039015693913,-0.2914311031452605,158,49906.751656188855,29957.6036036036,53851.01965714285,80776.52948571427,1542.4610285714286,53851.01965714285,37290.0,26925.509828571427,43080.81572571429,56.648812500000005,293.28445714285715,25639.92628571429,37290.0,28066.068494,37402.557252,50837.504738,69789.719051,94216.120813,127191.763097,174742.912498,240602.451293,322998.687727,439373.045757,73.0,37760.0,53.8232104121475,971.9836524543643,1132.220382697623
144.26,179.26,136.17,177.25,2023-11-28,0.00390131,0.01118552,0.00390131,0.01108876,2481.65942,0.0,51.69,48.31,1.07,49.0,51.0,0.961,6.64,3.65,1.819,1.024967159708,1903493,2198495,36586.0,-3.32222103,9.797,62463471666733.0,573323,613490,0,29134.2044,0.7424303190129172,37234.4,1.401995147752668,-0.2777704826116309,157,49867.27840611382,30031.38738738739,53965.25845714285,80947.88768571427,1542.4610285714286,53965.25845714285,37773.0,26982.629228571423,43172.20676571428,56.648812500000005,293.28445714285715,25639.92628571429,37773.0,28097.726033,37444.746023,50894.847658,69868.439403,94322.393289,127335.23094,174940.016367,240873.842409,323363.018905,439868.643124,66.0,37486.5,60.43368065333709,951.8933268907203,1096.1549715362426
177.25,206.06,168.41,193.7,2023-11-29,0.01108876,0.01414174,0.00293743,0.01414174,153.0552,318.57745,37.89,62.11,0.61,53.0,47.0,1.128,7.22,4.42,1.633,1.0153821163,1784443,2052653,36586.0,-3.32222103,9.797,62463471666733.0,573323,613490,0,29184.3261,0.7635123268147475,37812.1,1.3111174727462722,-0.2755694833204334,156,49877.51379897645,30107.432432432437,54079.70577142857,81119.55865714286,1542.4610285714286,54079.70577142857,37864.0,27039.852885714285,43263.76461714286,56.648812500000005,293.28445714285715,25639.92628571429,37864.0,28129.41345,37486.97461,50952.244695,69947.234048,94428.766059,127478.834179,175137.306253,241145.48965,323727.693918,440364.708208,68.0,37208.5,49.82142857142858,932.5645153876903,1063.4368803065322
193.7,193.7,140.03,152.17,2023-11-30,0.01414174,0.01414174,-0.00351923,-0.00351923,0.0,0.0,42.53,57.47,0.74,51.52,48.48,1.063,6.39,5.38,1.188,0.967846824645,1261955,1140476,36586.0,-3.32222103,9.797,62463471666733.0,573323,613490,0,29234.3421,0.7623959137817549,37837.1,1.292415720682672,-0.2805055397460645,155,49935.01740731843,30182.33333333333,54196.1588,81294.23819999999,1542.4610285714286,54196.1588,37721.0,27098.0794,43356.92704,56.648812500000005,293.28445714285715,25639.92628571429,37721.0,28161.130766,37529.243042,51009.695891,70026.10304,94535.239199,127622.572919,175334.782295,241417.393209,324092.713029,440861.241366,72.0,37714.0,61.84424412590513,895.3859363994197,1029.8266915251097
152.17,163.0,115.39,147.64,2023-12-01,-0.00351923,0.0304276,-0.00351923,0.0304276,4198.32398,0.0,46.24,53.76,0.86,52.0,48.0,1.083,6.46,5.61,1.152,1.074444793615,3881410,3477683,36586.0,-3.32222103,9.797,62463471666733.0,573323,613490,0,29281.4971,0.7555248559224627,37716.8,1.619593750748549,-0.2534242393516148,154,49818.42523600646,30265.68468468469,54321.82268571428,81482.73402857142,1542.4610285714286,54321.82268571428,38666.0,27160.91134285714,43457.45814857143,56.648812500000005,293.28445714285715,25639.92628571429,38666.0,28192.878003,37571.551351,51067.201285,70105.046438,94641.812786,127766.447261,175532.444636,241689.553281,324458.076498,441358.242952,74.0,37773.0,64.25802879291251,931.438207147643,1010.1489946496165
147.64,160.69,144.9,150.85,2023-12-02,0.0304276,0.0304276,-0.01318945,0.0168301,208661.19376,0.0,34.64,65.36,0.53,59.0,41.0,1.439,11.95,3.61,3.31,1.074520080157,1897645,1695056,36586.0,-3.32222103,9.797,62463471666733.0,573323,613490,0,29333.6966,0.7915597895103849,38660.9,1.24516509715536,-0.2330278177715321,153,49833.895145072114,30357.54054054054,54451.48822857143,81677.23234285714,1542.4610285714286,54451.48822857143,39475.0,27225.744114285717,43561.19058285715,56.648812500000005,293.28445714285715,25639.92628571429,39475.0,28224.655186,37613.899565,51124.760921,70184.064297,94748.486896,127910.457309,175730.293416,241961.970062,324823.784587,441855.713323,71.0,37625.5,68.2911550989727,1013.6052203304644,1010.8402397857861
150.85,177.81,149.73,160.03,2023-12-03,0.0168301,0.0168301,0.00912108,0.00912108,6063.63586,0.0,39.39,60.61,0.65,56.0,44.0,1.273,6.85,5.68,1.206,1.053532872625,2542816,2593940,36586.0,-3.32222103,9.797,62463471666733.0,573323,613490,0,29389.2776,0.8212037963845492,39436.6,1.6467027770063292,-0.2186360319789173,152,49770.15370104914,30453.03603603604,54584.3668,81876.5502,1542.4610285714286,54584.3668,39996.0,27292.1834,43667.49344,56.648812500000005,293.28445714285715,25639.92628571429,39996.0,28256.462336,37656.287716,51182.374838,70263.156674,94855.261605,128054.603167,175928.328779,242234.643746,325189.837557,442353.652834,74.0,38696.5,67.21502590673575,1107.9912822790502,1030.270448284439
160.03,185.03,155.39,166.85,2023-12-04,0.00912108,0.03590848,0.00909831,0.00909831,44795.51698,0.0,40.12,59.88,0.67,54.55,45.45,1.2,5.76,6.04,0.954,1.052632553119,4672041,4299404,36586.0,-3.32222103,9.797,62463471666733.0,573323,613490,0,29446.1463,0.8414496064469512,39979.8,1.5631790429371422,-0.169708298912786,151,49750.509788061456,30568.36036036036,54730.32268571428,82095.48402857142,1542.4610285714286,54730.32268571428,41985.0,27365.16134285714,43784.25814857143,56.648812500000005,293.28445714285715,25639.92628571429,41985.0,28288.299476,37698.715834,51240.043078,70342.323626,94962.136989,128198.884936,176126.550865,242507.574527,325556.235671,442852.061841,73.0,39511.5,73.4026902059689,1327.9804615005487,1089.812450927661
166.85,171.72,138.27,153.35,2023-12-05,0.00909831,0.0251766,0.00857588,0.00857588,49707.80368,0.0,39.02,60.98,0.64,54.0,46.0,1.174,4.6,4.08,1.127,1.047168301461,6261503,5889348,36586.0,-3.32222103,9.797,62463471666733.0,573323,613490,0,29512.045,0.9252611789394146,41993.0,1.4576291067323073,-0.120443455590296,150,49746.92180821526,30707.07207207207,54885.659542857145,82328.48931428572,1542.4610285714286,54885.659542857145,44102.0,27442.829771428573,43908.52763428572,56.648812500000005,293.28445714285715,25639.92628571429,44102.0,28320.16663,37741.183949,51297.765682,70421.565208,95069.113126,128343.30272,176324.959815,242780.762602,325922.97919,443350.940701,74.0,40173.5,92.26558540293969,1654.080468451859,1202.6660544325007
153.35,166.39,128.46,140.3,2023-12-06,0.00857588,0.03826567,0.00800181,0.0225324,0.0,1976.2965,40.83,59.17,0.69,54.0,46.0,1.174,3.88,5.36,0.724,0.953055295298,5102260,4921035,36586.0,-3.32222103,9.797,62463471666733.0,573323,613490,0,29584.8636,1.0159902833839165,44081.6,1.505095548194736,-0.1297802262937573,149,49851.50468152556,30860.95495495496,55039.66468571429,82559.49702857142,1542.4610285714286,55039.66468571429,43784.0,27519.832342857146,44031.73174857143,56.648812500000005,293.28445714285715,25639.92628571429,43784.0,28352.063819,37783.692092,51355.542692,70500.881478,95176.190091,128487.856623,176523.555772,243054.208166,326290.068377,443850.28977,75.0,41779.0,87.31369557563666,1865.3544856535736,1335.2037406767154
140.3,172.08,136.96,167.81,2023-12-07,0.0225324,0.0225324,0.0101023,0.0189994,0.0,2576.05989,45.05,54.95,0.82,48.0,52.0,0.923,4.66,5.39,0.865,0.949933201594,7612698,6915904,36586.0,-3.32222103,9.797,62463471666733.0,573323,613490,0,29656.5093,0.9982879189770932,43772.2,1.2616937174419145,-0.1423065943787289,148,50000.27154616842,31016.972972972973,55191.31828571428,82786.97742857142,1542.4610285714286,55191.31828571428,43368.0,27595.65914285714,44153.05462857143,56.648812500000005,293.28445714285715,25639.92628571429,43368.0,28383.991067,37826.240293,51413.374148,70580.272493,95283.367961,128632.546747,176722.338878,243327.911413,326657.503493,444350.109404,72.0,43990.0,84.41116405718176,1976.4397756474646,1463.4509476708654
167.81,191.95,137.25,137.75,2023-12-08,0.0189994,0.03175489,0.0189994,0.03074695,704.80008,0.0,48.45,51.55,0.94,50.0,50.0,1.0,4.57,5.17,0.884,1.024531350372,5186761,5275612,36586.0,-3.32222103,9.797,62463471666733.0,573323,613490,0,29727.6254,0.973305512720116,43296.0,1.4639901154539663,-0.1254093869261954,147,50052.39024869297,31179.65765765766,55347.66977142857,83021.50465714285,1542.4610285714286,55347.66977142857,44153.0,27673.834885714285,44278.13581714286,56.648812500000005,293.28445714285715,25639.92628571429,44153.0,28415.948396,37868.828582,51471.260092,70659.738308,95390.646812,128777.373196,176921.309275,243601.872539,327025.284801,444850.399961,72.0,43771.5,85.01472352492092,2103.5699626723435,1591.474750671161
137.75,161.71,135.29,150.22,2023-12-09,0.03074695,0.03984757,0.00151069,0.01340767,0.0,0.0,44.13,55.87,0.79,46.0,54.0,0.852,4.17,4.45,0.937,0.932140296165,3018313,3163503,36586.0,-3.32222103,9.797,62463471666733.0,573323,613490,0,29799.7571,1.011274697395024,44209.6,1.728278262518338,-0.1355712547829046,146,50049.41842813925,31337.45045045045,55501.15811428571,83251.73717142857,1542.4610285714286,55501.15811428571,43704.0,27750.57905714285,44400.926491428574,56.648812500000005,293.28445714285715,25639.92628571429,43704.0,28447.935829,37911.456989,51529.200565,70739.278982,95498.026721,128922.336073,177120.467104,243876.09174,327393.412563,445351.161798,72.0,43369.5,80.93694447349158,2143.383414470489,1701.8564834310268
150.22,150.26,130.16,131.83,2023-12-10,0.01340767,0.03168939,0.01340767,0.03168939,0.0,0.0,46.52,53.48,0.87,47.0,53.0,0.887,6.01,4.13,1.455,0.987091926228,1607891,1661493,36586.0,-3.32222103,9.797,62463471666733.0,573323,613490,0,29873.7049,0.9861452303449828,43734.4,1.5218523133171578,-0.134412326877138,145,50073.80659303753,31496.405405405407,55655.06257142857,83482.59385714286,1542.4610285714286,55655.06257142857,43776.0,27827.531285714285,44524.05005714286,56.648812500000005,293.28445714285715,25639.92628571429,43776.0,28479.95339,37954.125546,51587.195609,70818.89457,95605.507765,129067.435482,177319.812507,244150.569211,327761.887043,445852.395272,73.0,44175.0,83.87373845823491,2155.8938577371955,1792.6639582922605
131.83,190.28,124.98,174.97,2023-12-11,0.03168939,0.03168939,0.00616113,0.02468912,169.93803,329517.25312,48.45,51.55,0.94,45.0,55.0,0.818,3.62,4.59,0.789,0.92525571964,22645311,22954230,36586.0,-3.32222103,9.797,62463471666733.0,573323,613490,0,29950.0243,0.98598416704326,43810.1,1.7152060167779095,-0.1934093395679958,144,50037.33871022442,31633.3963963964,55794.09434285714,83691.14151428571,1542.4610285714286,55794.09434285714,41238.0,27897.04717142857,44635.275474285714,56.648812500000005,293.28445714285715,25639.92628571429,41238.0,28512.0011,37996.834282,51645.245265,70898.585129,95713.09002,129212.671527,177519.345628,244425.305149,328130.708503,446354.100741,74.0,43776.5,66.90647482014388,1938.6653576442986,1821.8642381626682
174.97,181.19,140.38,157.19,2023-12-12,0.02468912,0.02468912,0.00495263,0.00495263,0.0,16036.2451,58.16,41.84,1.39,42.0,58.0,0.724,5.92,5.25,1.128,0.998531702964,12664045,12153532,36586.0,-3.32222103,9.797,62463471666733.0,573323,613490,0,30016.0548,0.8721478252537966,41271.0,1.4690987021609416,-0.1892153612531935,143,50100.998705848026,31768.81081081081,55935.60828571428,83903.41242857142,1542.4610285714286,55935.60828571428,41464.0,27967.80414285714,44748.48662857143,56.648812500000005,293.28445714285715,25639.92628571429,41464.0,28544.078983,38039.583228,51703.349575,70978.350716,95820.773563,129358.04431,177719.066607,244700.299748,328499.877205,446856.278563,74.0,43775.0,66.16166039057711,1764.4075258604644,1810.3728957022274
157.19,178.86,136.08,136.84,2023-12-13,0.00495263,0.03431758,0.00495263,0.02085015,6635.43766,0.0,57.45,42.55,1.35,46.0,54.0,0.852,5.89,4.57,1.289,1.021706663648,11711803,11689203,36586.0,-3.32222103,9.797,62463471666733.0,573323,613490,0,30082.2478,0.8796028284967489,41514.9,1.524988581978972,-0.1558220908709504,142,50103.3399967199,31919.72972972973,56086.07937142856,84129.11905714285,1542.4610285714286,56086.07937142856,42874.0,28043.03968571428,44868.863497142855,56.648812500000005,293.28445714285715,25639.92628571429,42874.0,28576.187061,38082.372415,51761.508579,71058.191389,95928.55847,129503.553935,177918.975588,244975.553206,328869.393414,447358.929094,67.0,41376.5,69.66556759302873,1720.2521587835508,1792.3487483184922
136.84,192.11,132.2,180.46,2023-12-14,0.02085015,0.02085015,-0.00298458,0.0054664,0.0,4043.24402,47.92,52.08,0.92,47.0,53.0,0.887,3.76,4.95,0.76,0.996415928442,12713035,12311846,36586.0,-3.32222103,9.797,62463471666733.0,573323,613490,0,30150.2091,0.9350613130570694,42874.9,1.5413162646975131,-0.1523182062644235,141,50088.79612251444,32072.585585585584,56236.75028571428,84355.12542857142,1542.4610285714286,56236.75028571428,43012.0,28118.37514285714,44989.40022857143,56.648812500000005,293.28445714285715,25639.92628571429,43012.0,28608.325358,38125.201873,51819.722319,71138.107203,96036.44482,129649.200507,178119.072713,245251.065718,329239.257392,447862.052694,65.0,41363.0,70.77672190371476,1677.0620317713547,1769.2914050090649
180.46,180.46,118.53,125.3,2023-12-15,0.0054664,0.02169349,-0.00839277,0.01541646,0.0,807.51132,47.09,52.91,0.89,45.0,55.0,0.818,4.25,4.75,0.895,0.99179226633,10337166,11119490,36586.0,-3.32222103,9.797,62463471666733.0,573323,613490,0,30215.756,0.9388953760740892,43032.4,1.7210617385775222,-0.1741125263648548,140,50002.24068506711,32216.936936936934,56381.909542857145,84572.86431428572,1542.4610285714286,56381.909542857145,42012.0,28190.954771428573,45105.52763428572,56.648812500000005,293.28445714285715,25639.92628571429,42012.0,28640.493897,38168.071632,51877.990837,71218.098216,96144.432687,129794.984128,178319.358124,245526.83748,329609.469403,448365.649721,72.0,42826.5,63.0825774163278,1544.3397153740807,1724.3010670820681
125.3,149.77,121.04,149.6,2023-12-16,0.01541646,0.0273033,0.01541646,0.0273033,21.2717,1981.61656,51.69,48.31,1.07,45.45,54.55,0.833,6.73,4.59,1.466,1.030649340763,3399767,3345925,36586.0,-3.32222103,9.797,62463471666733.0,573323,613490,0,30278.0942,0.8902315406302019,41968.0,1.5632595931540008,-0.1678580906232145,139,49968.43149790252,32362.567567567567,56528.79639999999,84793.19459999999,1542.4610285714286,56528.79639999999,42247.0,28264.3982,45223.03711999999,56.648812500000005,293.28445714285715,25639.92628571429,42247.0,28672.692699,38210.981723,51936.314174,71298.164485,96252.52215,129940.904903,178519.831965,245802.868689,329980.02971,448869.720533,70.0,43095.0,61.34763386278042,1441.5021203007345,1667.7412777258016
149.6,151.47,132.8,145.24,2023-12-17,0.0273033,0.03118569,0.02596918,0.02639229,0.0,8582.5436,49.75,50.25,0.99,46.0,54.0,0.852,6.06,4.52,1.341,0.974302271865,4338883,4815620,36586.0,-3.32222103,9.797,62463471666733.0,573323,613490,0,30344.8887,0.9008799210719098,42287.4,1.5471317871602126,-0.1884181177634776,138,49959.6555181695,32500.324324324323,56670.3992,85005.5988,1542.4610285714286,56670.3992,41380.0,28335.1996,45336.31936,56.648812500000005,293.28445714285715,25639.92628571429,41380.0,28704.921789,38253.932177,51994.692372,71378.306066,96360.713286,130086.962935,178720.494377,246079.159541,330350.938578,449374.26549,67.0,42015.0,55.509554140127385,1275.341587177165,1589.2613396160746
145.24,176.94,141.1,159.04,2023-12-18,0.02639229,0.03442694,0.00286238,0.03442694,137.94495,116010.39259,54.55,45.45,1.2,49.0,51.0,0.961,6.83,4.64,1.472,1.037833024067,6368291,6717736,36586.0,-3.32222103,9.797,62463471666733.0,573323,613490,0,30410.3034,0.8606344989122185,41398.7,1.6921132308911295,-0.157082805148061,137,49876.36288676517,32634.61261261261,56818.663485714285,85227.99522857142,1542.4610285714286,56818.663485714285,42626.0,28409.331742857143,45454.93078857143,56.648812500000005,293.28445714285715,25639.92628571429,42626.0,28737.181189,38296.923023,52053.125472,71458.523017,96469.00617,130233.158329,178921.345503,246355.710233,330722.19627,449879.284949,73.0,42257.5,52.71219429635271,1230.0210374401504,1517.4132791808897
159.04,160.71,129.95,156.75,2023-12-19,0.03442694,0.03442694,0.01905496,0.01905496,21223.24454,36683.01267,48.45,51.55,0.94,47.0,53.0,0.887,5.91,3.89,1.519,1.020556688532,7573348,8038245,36586.0,-3.32222103,9.797,62463471666733.0,573323,613490,0,30479.6728,0.9113252731979504,42671.8,1.675640464813092,-0.1644969962016063,136,49820.80441165205,32769.36936936937,56964.92154285714,85447.38231428571,1542.4610285714286,56964.92154285714,42264.0,28482.46077142857,45571.93723428572,56.648812500000005,293.28445714285715,25639.92628571429,42264.0,28769.470921,38339.954294,52111.613516,71538.815395,96577.40088,130379.491188,179122.385487,246632.520962,331093.803049,450384.779271,65.0,41255.0,40.86662691313854,1151.61865758989,1444.25435486269
156.75,161.27,123.29,124.99,2023-12-20,0.01905496,0.02221773,0.01159058,0.02221773,24643.59061,2700.32598,53.49,46.51,1.15,46.0,54.0,0.852,6.3,4.28,1.472,1.059289610264,7517394,7036839,36586.0,-3.32222103,9.797,62463471666733.0,573323,613490,0,30547.2937,0.8925007683200261,42298.2,1.483291483440317,-0.1345572206521463,135,49820.22363436347,32928.02702702703,57117.435028571424,85676.15254285713,1542.4610285714286,57117.435028571424,43548.0,28558.717514285712,45693.94802285714,56.648812500000005,293.28445714285715,25639.92628571429,43548.0,28801.79101,38383.026018,52170.156545,71619.183257,96685.897494,130525.961617,179323.614471,246909.591924,331465.759181,450890.748815,73.0,42638.5,48.929996372869056,1179.4957826919344,1391.302640428539
124.99,155.49,115.89,118.49,2023-12-21,0.02221773,0.02650621,0.02221773,0.02650621,0.0,0.0,47.37,52.63,0.9,48.0,52.0,0.923,6.37,5.14,1.239,1.04587399299,5678508,6006712,36586.0,-3.32222103,9.797,62463471666733.0,573323,613490,0,30620.038,0.9498372285528563,43711.0,1.5348860291865176,-0.1266551461837899,134,49794.705131762814,33090.92792792793,57271.91114285714,85907.86671428572,1542.4610285714286,57271.91114285714,43871.0,28635.95557142857,45817.52891428572,56.648812500000005,293.28445714285715,25639.92628571429,43871.0,28834.141478,38426.138228,52228.754602,71699.62666,96794.496088,130672.569719,179525.032599,247186.923316,331838.06493,451397.193939,74.0,42383.0,52.29995427526292,1213.661669507601,1355.7744462443513
118.49,169.86,118.46,162.29,2023-12-22,0.02650621,0.03005706,0.01956582,0.02554055,0.0,700.5754,48.72,51.28,0.95,48.0,52.0,0.923,6.42,4.33,1.483,1.044761641988,5739302,5307154,36586.0,-3.32222103,9.797,62463471666733.0,573323,613490,0,30697.6465,0.9544652616926876,43896.3,1.7732910706613674,-0.1216708802086827,133,49700.728571548,33254.43243243243,57426.4816,86139.7224,1542.4610285714286,57426.4816,44007.0,28713.2408,45941.185280000005,56.648812500000005,293.28445714285715,25639.92628571429,44007.0,28866.522348,38469.290953,52287.407726,71780.145661,96903.19674,130819.315599,179726.640013,247464.515336,332210.720559,451904.115005,70.0,43593.5,49.29029749173634,1237.447915081044,1332.10914001169
162.29,180.77,157.87,168.38,2023-12-23,0.02554055,0.02554055,0.01167711,0.01252731,0.0,22105.3202,51.22,48.78,1.05,44.0,56.0,0.786,6.16,4.72,1.305,0.988749662554,1509282,1623028,36586.0,-3.32222103,9.797,62463471666733.0,573323,613490,0,30777.9353,0.9558308253809046,44008.6,1.6887189197562136,-0.1241456157106135,132,49510.262986040616,33414.67567567567,57579.47051428571,86369.20577142856,1542.4610285714286,57579.47051428571,43730.0,28789.735257142856,46063.57641142857,56.648812500000005,293.28445714285715,25639.92628571429,43730.0,28898.933642,38512.484224,52346.115961,71860.740318,97011.999526,130966.19936,179928.436856,247742.368179,332583.726335,452411.512372,74.0,43886.0,50.12853470437018,1219.885025828531,1309.6643171750584
168.38,193.54,168.36,185.87,2023-12-24,0.01252731,0.02916207,0.0124949,0.0247074,0.0,103.07472,51.22,48.78,1.05,46.0,54.0,0.852,5.98,4.41,1.356,0.969184387447,2401336,2147895,36586.0,-3.32222103,9.797,62463471666733.0,573323,613490,0,30853.9217,0.940188418735884,43724.2,1.7864344463298816,-0.139313914238965,131,49433.597395369055,33569.63063063063,57727.598628571424,86591.39794285713,1542.4610285714286,57727.598628571424,43005.0,28863.799314285712,46182.078902857145,56.648812500000005,293.28445714285715,25639.92628571429,43005.0,28931.375385,38555.718071,52404.879348,71941.410687,97120.904524,131113.221108,180130.423272,248020.482045,332957.082521,452919.3864,70.0,43983.0,46.41961549178044,1134.3883459204008,1274.609122924127
185.87,223.99,179.01,211.6,2023-12-25,0.0247074,0.05037525,0.01825337,0.05037525,0.0,0.0,53.27,46.73,1.14,47.0,53.0,0.887,5.3,4.83,1.097,1.064650656376,3476898,3556146,36586.0,-3.32222103,9.797,62463471666733.0,573323,613490,0,30928.8688,0.9064800367087864,43008.3,1.4246965253281303,-0.1257785641628821,130,49410.86580633575,33729.64864864865,57878.31914285714,86817.47871428571,1542.4610285714286,57878.31914285714,43571.0,28939.15957142857,46302.65531428572,56.648812500000005,293.28445714285715,25639.92628571429,43571.0,28963.847599,38598.992527,52463.697929,72022.156826,97229.911812,131260.380946,180332.599404,248298.857129,333330.789383,453427.73745,71.0,43642.0,63.263217737350764,1099.6272622781908,1239.6127507949398
211.6,247.09,189.84,193.85,2023-12-26,0.05037525,0.05371137,0.03978793,0.03978793,115.35048,150572.21785,50.98,49.02,1.04,45.0,55.0,0.818,4.85,4.99,0.972,0.953597860427,5084223,5385336,36586.0,-3.32222103,9.797,62463471666733.0,573323,613490,0,31005.843,0.9288005788941434,43612.0,1.4397961095582488,-0.1493818981569941,129,49349.76637391088,33880.576576576575,58021.46982857142,87032.20474285712,1542.4610285714286,58021.46982857142,42502.0,29010.73491428571,46417.17586285714,56.648812500000005,293.28445714285715,25639.92628571429,42502.0,28996.350306,38642.30762,52522.571745,72102.978792,97339.021466,131407.678979,180534.965396,248577.49363,333704.847185,453936.565882,73.0,42951.5,55.38493463374144,974.5850769485041,1186.6072160256526
193.85,208.46,154.86,163.34,2023-12-27,0.03978793,0.03978793,0.0294908,0.03959349,0.0,0.0,59.18,40.82,1.45,41.0,59.0,0.695,5.06,5.03,1.006,1.058905814744,5551180,5561637,36586.0,-3.32222103,9.797,62463471666733.0,573323,613490,0,31083.2437,0.8805021843529388,42538.6,1.300433068234323,-0.1294391596019029,128,49461.17861838585,34035.882882882885,58166.96377142857,87250.44565714286,1542.4610285714286,58166.96377142857,43456.0,29083.481885714285,46533.57101714286,56.648812500000005,293.28445714285715,25639.92628571429,43456.0,29028.883531,38685.663383,52581.500838,72183.876642,97448.233564,131555.115311,180737.521391,248856.391745,334079.256193,454445.872057,71.0,43596.0,53.16924417338271,941.6137342890725,1137.6085196783367
163.34,185.27,137.3,158.58,2023-12-28,0.03959349,0.04669983,0.00858584,0.04616336,0.0,0.0,53.92,46.08,1.17,44.0,56.0,0.786,6.32,3.61,1.751,1.021017740346,5472162,5325697,36586.0,-3.32222103,9.797,62463471666733.0,573323,613490,0,31164.1362,0.9154344894713184,43453.8,1.2451807501570904,-0.1481605237993797,127,49520.30873771759,34187.18018018018,58303.184857142856,87454.77728571428,1542.4610285714286,58303.184857142856,42701.0,29151.592428571428,46642.54788571429,56.648812500000005,293.28445714285715,25639.92628571429,42701.0,29061.447296,38729.059845,52640.48525,72264.850434,97557.548183,131702.690048,180940.267533,249135.551672,334454.016672,454955.656337,73.0,42487.5,48.4131033778957,844.8229246922128,1079.051400681112
158.58,219.77,155.52,185.25,2023-12-29,0.04616336,0.04616336,0.01261373,0.01261373,0.0,32654.97621,59.68,40.32,1.48,41.0,59.0,0.695,6.98,3.55,1.966,0.984920602635,8985420,9308088,36586.0,-3.32222103,9.797,62463471666733.0,573323,613490,0,31241.934,0.8768930165610292,42605.0,1.52283977671113,-0.1633032886171488,126,49544.72797569505,34333.126126126124,58429.44571428571,87644.16857142857,1542.4610285714286,58429.44571428571,42080.0,29214.722857142857,46743.55657142858,56.648812500000005,293.28445714285715,25639.92628571429,42080.0,29094.041624,38772.497037,52699.525023,72345.900225,97666.965402,131850.403292,181143.203965,249414.973608,334829.128889,455465.919082,73.0,43505.5,50.360934182590235,709.8235960941965,1005.205839763729
185.25,199.77,134.61,142.53,2023-12-30,0.01261373,0.03079366,0.01261373,0.02414317,2952.49808,0.0,61.54,38.46,1.6,43.0,57.0,0.754,8.36,4.06,2.059,1.019510505572,5156570,4546143,36586.0,-3.32222103,9.797,62463471666733.0,573323,613490,0,31317.2704,0.8528890351408933,42090.9,1.4378329400527847,-0.1618306926334902,125,49579.983129969005,34480.18018018018,58550.805714285714,87826.20857142858,1542.4610285714286,58550.805714285714,42172.0,29275.402857142857,46840.64457142857,56.648812500000005,293.28445714285715,25639.92628571429,42172.0,29126.666538,38815.974991,52758.620198,72427.026073,97776.485296,131998.25515,181346.33083,249694.657752,335204.593107,455976.660653,65.0,42713.0,49.595774496065545,603.3047649009386,924.825624791171
142.53,161.81,134.9,146.05,2023-12-31,0.02414317,0.03658299,0.01828426,0.03505908,0.0,9800.72214,57.81,42.19,1.37,43.43,56.57,0.768,8.45,3.2,2.641,1.044546175162,4737199,4851822,36586.0,-3.32222103,9.797,62463471666733.0,573323,613490,0,31394.0798,0.8532625169959773,42174.2,1.5463108515217303,-0.1546290280943889,124,49582.54538623697,34636.198198198195,58673.97142857143,88010.95714285714,1542.4610285714286,58673.97142857143,42479.0,29336.985714285714,46939.177142857145,56.648812500000005,293.28445714285715,25639.92628571429,42479.0,29159.322061,38859.493736,52817.770817,72508.228034,97886.107944,132146.245725,181549.648274,249974.604301,335580.409595,456487.881413,68.0,42133.5,56.3037742342549,537.4646006908297,847.3534199711028
146.05,165.43,145.13,157.59,2024-01-01,0.03505908,0.03593019,0.02893165,0.03350108,542.06078,0.0,58.51,41.49,1.41,46.0,54.0,0.852,10.12,3.0,3.373,1.11261903426,3371038,3179307,36586.0,-3.32222103,9.797,62463471666733.0,573323,613490,0,31476.0264,0.8557752515669688,42313.9,1.5435869982704802,-0.1050363424238938,123,49590.58811936684,34805.69369369369,58808.26285714286,88212.39428571428,1542.4610285714286,58808.26285714286,44646.0,29404.13142857143,47046.61028571429,56.648812500000005,293.28445714285715,25639.92628571429,44646.0,29192.008217,38903.053304,52876.976923,72589.506168,97995.833424,132294.375123,181753.15644,250254.813454,335956.578616,456999.581724,67.0,42362.5,60.479352562772355,652.6215706038129,808.4070500976449
157.59,187.5,137.98,161.03,2024-01-02,0.03350108,0.05661153,0.03185622,0.05661153,181104.96271,7562.45288,52.61,47.39,1.11,48.0,52.0,0.923,7.74,4.33,1.788,1.028699343311,16143911,16539914,36586.0,-3.32222103,9.797,62463471666733.0,573323,613490,0,31561.2008,0.9315295676467809,44230.3,1.3682669089779826,-0.098330104975135,122,49658.53885756818,34974.97297297297,58944.54285714286,88416.81428571428,1542.4610285714286,58944.54285714286,45008.0,29472.27142857143,47155.63428571429,56.648812500000005,293.28445714285715,25639.92628571429,45008.0,29224.725029,38946.653726,52936.238556,72670.86053,98105.661813,132442.643448,181956.855471,250535.285409,336333.100438,457511.761946,65.0,42481.0,64.23531853081552,764.2844778506915,799.5825356482542
161.03,208.89,142.03,147.28,2024-01-03,0.05661153,0.05661153,-0.03122036,-0.03122036,0.0,218801.14692,49.24,50.76,0.97,53.0,47.0,1.128,7.26,3.08,2.357,0.973968359005,24666909,23796522,36586.0,-3.32222103,9.797,62463471666733.0,573323,613490,0,31644.9383,0.9598582669025276,44981.3,1.6588271482277532,-0.1464356834397246,121,49622.5152075442,35122.10810810811,59070.97142857143,88606.45714285714,1542.4610285714286,59070.97142857143,42863.0,29535.485714285714,47256.77714285714,56.648812500000005,293.28445714285715,25639.92628571429,42863.0,29257.47252,38990.295032,52995.55576,72752.291178,98215.593189,132591.050805,182160.745513,250816.020364,336709.975328,458024.422444,71.0,44655.5,46.7377845509096,671.9487558606343,774.0557796907303
147.28,195.16,139.15,168.85,2024-01-04,-0.03122036,0.00428091,-0.03122036,-0.00844417,227117.67014,0.0,56.14,43.86,1.28,49.0,51.0,0.961,6.76,2.84,2.38,1.045074904361,13776958,13093496,36586.0,-3.32222103,9.797,62463471666733.0,573323,613490,0,31720.7767,0.8671012566954949,42826.7,1.6944434747496375,-0.1139380849609015,120,49592.45241668549,35280.84684684685,59203.35428571429,88805.03142857144,1542.4610285714286,59203.35428571429,44252.0,29601.677142857145,47362.68342857144,56.648812500000005,293.28445714285715,25639.92628571429,44252.0,29290.250712,39033.977254,53054.928576,72833.798171,98325.627629,132739.597299,182364.826708,251097.018519,337087.20355,458537.563578,70.0,44977.5,51.64721141374838,702.7518368557649,759.7949911237373
168.85,184.31,133.05,144.51,2024-01-05,-0.00844417,-0.00826199,-0.01758146,-0.00826199,7827.49002,12667.23644,47.64,52.36,0.91,54.0,46.0,1.174,6.57,3.39,1.938,1.00777682021,12453609,12786023,36586.0,-3.32222103,9.797,62463471666733.0,573323,613490,0,31801.8166,0.9190354715207802,44170.4,1.4169394674290523,-0.118110668371667,119,49713.15998969941,35439.92792792793,59326.33714285714,88989.50571428571,1542.4610285714286,59326.33714285714,44175.0,29663.16857142857,47461.06971428572,56.648812500000005,293.28445714285715,25639.92628571429,44175.0,29323.05963,39077.700421,53114.357045,72915.381565,98435.765212,132888.283036,182569.099202,251378.28007,337464.785373,459051.185713,68.0,42927.0,50.7300538849296,712.7342867880652,750.3828502566029
144.51,155.51,136.34,138.17,2024-01-06,-0.00826199,-0.00823772,-0.0092923,-0.0092923,0.0,0.0,48.98,51.02,0.96,48.0,52.0,0.923,5.48,3.15,1.74,1.024342703397,3700391,3617190,36586.0,-3.32222103,9.797,62463471666733.0,573323,613490,0,31879.1255,0.9149389800049026,44148.9,1.4321024993330664,-0.1227963478308158,118,49756.69662155796,35597.35135135135,59447.217142857146,89170.82571428572,1542.4610285714286,59447.217142857146,44007.0,29723.608571428573,47557.77371428572,56.648812500000005,293.28445714285715,25639.92628571429,44007.0,29355.899295,39121.464566,53173.841211,72997.041419,98546.006014,133037.108119,182773.563138,251659.805218,337842.721062,459565.28921,72.0,44228.5,51.21523207861718,699.0312571135073,740.1125316279838
138.17,150.31,133.63,147.09,2024-01-07,-0.0092923,-0.00522521,-0.00960328,-0.00522521,1997.03948,0.0,48.19,51.81,0.93,51.0,49.0,1.041,4.56,2.95,1.546,1.030427000155,4021099,4073437,36586.0,-3.32222103,9.797,62463471666733.0,573323,613490,0,31943.8666,0.9041879934213076,43956.7,1.2005012456970252,-0.1271466681427835,117,49857.79617983223,35751.86486486487,59568.23428571429,89352.35142857143,1542.4610285714286,59568.23428571429,43905.0,29784.117142857143,47654.58742857143,56.648812500000005,293.28445714285715,25639.92628571429,43905.0,29388.769733,39165.269718,53233.381114,73078.77779,98656.350115,133186.072655,182978.218661,251941.594161,338221.010885,460079.874433,70.0,44088.5,54.17672173751624,672.1923448942543,726.528494281238
147.09,155.52,115.54,134.57,2024-01-08,-0.00522521,-0.00033753,-0.02068675,-0.00033753,144651.39199,0.0,48.19,51.81,0.93,50.0,50.0,1.0,3.93,4.43,0.887,1.061616362427,15719606,15602618,36586.0,-3.32222103,9.797,62463471666733.0,573323,613490,0,32004.1968,0.8997024037503434,43912.3,1.2462546451597207,-0.0584109615221066,116,49942.63401699719,35931.08108108108,59706.09714285714,89559.14571428571,1542.4610285714286,59706.09714285714,47109.0,29853.04857142857,47764.877714285714,56.648812500000005,293.28445714285715,25639.92628571429,47109.0,29421.670964,39209.11591,53292.976798,73160.590735,98766.797591,133335.176748,183183.065916,252223.647098,338599.655109,460594.941745,71.0,44004.0,63.189680882791535,899.0941390826556,761.0416232415215
134.57,152.46,120.27,122.87,2024-01-09,-0.00033753,0.01800445,-0.00562808,0.00385102,34002.5206,383.14204,39.39,60.61,0.65,43.0,57.0,0.754,3.09,4.12,0.75,1.009591402336,16906169,17353755,36586.0,-3.32222103,9.797,62463471666733.0,573323,613490,0,32074.3462,1.0268901589852426,46990.0,1.6477213087974738,-0.0838727240566541,115,49995.19954393099,36101.02702702703,59839.30857142857,89758.96285714285,1542.4610285714286,59839.30857142857,45973.0,29919.654285714285,47871.44685714286,56.648812500000005,293.28445714285715,25639.92628571429,45973.0,29454.603014,39253.003171,53352.628303,73242.480313,98877.348521,133484.420504,183388.105047,252505.964227,338978.654001,461110.49151,71.0,43803.0,62.87558424215446,975.9990303803206,804.0331046692813
122.87,139.82,108.16,139.82,2024-01-10,0.00385102,0.00982871,-0.001317,-0.001317,1223.6322,329279.47571,48.45,51.55,0.94,41.0,59.0,0.695,6.0,2.43,2.469,0.990477846173,17586048,17727920,36586.0,-3.32222103,9.797,62463471666733.0,573323,613490,0,32140.0449,0.9857169741608092,46110.0,1.4041489856981526,-0.0698687852438428,114,50038.81049258127,36281.84684684685,59973.84571428572,89960.76857142858,1542.4610285714286,59973.84571428572,46662.0,29986.922857142858,47979.07657142857,56.648812500000005,293.28445714285715,25639.92628571429,46662.0,29487.565905,39296.931533,53412.335673,73324.446581,98988.002983,133633.804028,183593.336199,252788.545749,339358.007829,461626.524091,76.0,47094.5,62.13107310428333,1080.092617233131,859.2450071820513
139.82,153.5,116.04,133.06,2024-01-11,-0.001317,0.01611927,-0.001317,0.01611927,102020.97331,214097.84333,53.7,46.3,1.16,39.0,61.0,0.639,5.27,3.31,1.592,0.996735801435,20628249,21235369,36586.0,-3.32222103,9.797,62463471666733.0,573323,613490,0,32207.8084,1.0063064294184558,46663.0,1.847421220711146,-0.0761391692549118,113,49983.42314412907,36459.45045045045,60106.90857142857,90160.36285714286,1542.4610285714286,60106.90857142857,46319.0,30053.454285714284,48085.52685714286,56.648812500000005,293.28445714285715,25639.92628571429,46319.0,29520.55966,39340.901026,53472.098948,73406.489597,99098.761055,133783.327425,183798.759516,253071.391863,339737.716859,462143.039853,73.0,46185.0,64.13060459303233,1121.9768506108812,911.7913758678174
133.06,186.44,127.48,168.12,2024-01-12,0.01611927,0.01611927,-0.00567596,0.00650104,0.0,37170.49259,56.14,43.86,1.28,40.0,60.0,0.667,4.77,2.95,1.617,0.947746248244,14422175,15408884,36586.0,-3.32222103,9.797,62463471666733.0,573323,613490,0,32276.4154,0.9896318211865454,46348.7,1.775203216013064,-0.1509427553271543,112,49964.12815579042,36607.09009009009,60220.52,90330.78,1542.4610285714286,60220.52,42964.0,30110.26,48176.416,56.648812500000005,293.28445714285715,25639.92628571429,42964.0,29553.584303,39384.911683,53531.918172,73488.609419,99209.622815,133932.9908,184004.375143,253354.502767,340117.78136,462660.039159,76.0,46331.5,52.84500514933058,874.3707445608452,904.3072496064229
168.12,177.0,153.37,167.64,2024-01-13,0.00650104,0.00940872,-0.00802238,0.00120873,234.73422,0.0,68.05,31.95,2.13,40.4,59.6,0.678,4.33,1.8,2.406,0.988198567685,5598942,5891851,36586.0,-3.32222103,9.797,62463471666733.0,573323,613490,0,32331.0158,0.8408300319074133,42781.2,1.554685322056882,-0.1553817220739883,111,50003.01795419633,36756.42342342343,60333.54857142857,90500.32285714283,1542.4610285714286,60333.54857142857,42807.0,30166.774285714284,48266.83885714286,56.648812500000005,293.28445714285715,25639.92628571429,42807.0,29586.639857,39428.963533,53591.793387,73570.806105,99320.588341,134082.79426,184210.183226,253637.878662,340498.2016,463177.522374,71.0,46220.5,52.03512595346453,657.8888011363306,855.0235599124045
167.64,170.15,152.44,164.72,2024-01-14,0.00120873,0.00991247,-0.01001076,-0.0026767,0.0,32662.73211,68.05,31.95,2.13,35.35,64.65,0.547,3.11,2.13,1.46,0.949256959092,3386781,3553036,36586.0,-3.32222103,9.797,62463471666733.0,573323,613490,0,32387.0309,0.8410408164715538,42846.4,1.24539588469801,-0.1745977423722617,110,50105.09908999055,36898.59459459459,60438.20571428572,90657.30857142856,1542.4610285714286,60438.20571428572,42078.0,30219.102857142854,48350.56457142858,56.648812500000005,293.28445714285715,25639.92628571429,42078.0,29619.726345,39473.056608,53651.724634,73653.079712,99431.657711,134232.73791,184416.183909,253921.519747,340878.977846,463695.489862,64.0,42795.0,48.74867378143919,422.6292864745483,768.5447052248333
164.72,189.08,160.28,187.98,2024-01-15,-0.0026767,0.01107884,-0.0026767,0.00573068,4315.44262,0.0,67.43,32.57,2.07,36.36,63.64,0.571,4.37,2.33,1.876,1.054372264053,5724691,5979070,36586.0,-3.32222103,9.797,62463471666733.0,573323,613490,0,32438.3075,0.7958053566162779,41733.4,1.089352158936465,-0.1659971232512145,109,50201.36558765359,37045.52252252252,60550.66285714286,90825.99428571427,1542.4610285714286,60550.66285714286,42523.0,30275.33142857143,48440.53028571429,56.648812500000005,293.28445714285715,25639.92628571429,42523.0,29652.843791,39517.190939,53711.711956,73735.430299,99542.831004,134382.821855,184622.377337,254205.426221,341260.110366,464213.941988,60.0,42795.5,42.577442136913504,268.99144123839505,668.6340524275456
187.98,194.68,170.88,182.26,2024-01-16,0.00573068,0.0133096,0.00563239,0.00590295,21.9071,11575.62984,68.05,31.95,2.13,37.37,62.63,0.597,3.31,3.02,1.096,1.014726598166,6013687,6294223,36586.0,-3.32222103,9.797,62463471666733.0,573323,613490,0,32491.7942,0.8235366023351423,42511.9,1.205417750438348,-0.1539877182928659,108,50292.63690022193,37196.53153153153,60665.22857142857,90997.84285714284,1542.4610285714286,60665.22857142857,43115.0,30332.614285714284,48532.182857142856,56.648812500000005,293.28445714285715,25639.92628571429,43115.0,29685.992217,39561.366556,53771.755396,73817.857924,99654.108297,134533.046201,184828.763655,254489.598286,341641.59943,464732.879118,52.0,42106.0,43.48633954992774,192.77955176576506,573.4631522951895
182.26,191.7,175.21,187.84,2024-01-17,0.00590295,0.01878989,-0.00051363,0.01878989,0.0,630.21662,63.9,36.1,1.77,39.8,60.2,0.661,5.73,2.7,2.122,0.999297176922,4297399,4370652,36586.0,-3.32222103,9.797,62463471666733.0,573323,613490,0,32548.0757,0.8454106739195354,43133.0,1.181680646058474,-0.1644996619474632,107,50350.2198452354,37337.22522522522,60773.485714285714,91160.22857142855,1542.4610285714286,60773.485714285714,42713.0,30386.742857142857,48618.78857142857,56.648812500000005,293.28445714285715,25639.92628571429,42713.0,29719.171647,39605.583492,53831.854994,73900.362644,99765.489669,134683.411054,185035.34301,254774.03614,342023.445305,465252.301615,64.0,42566.0,49.413512668126366,98.80408791380614,478.5313394189128
187.84,226.84,185.71,207.81,2024-01-18,0.01878989,0.02191346,0.01808266,0.01808266,0.0,11643.48773,67.32,32.68,2.06,36.36,63.64,0.571,4.23,2.67,1.584,0.960199451329,7004216,7233789,36586.0,-3.32222103,9.797,62463471666733.0,573323,613490,0,32602.9674,0.8294751344001681,42783.3,1.371195232803366,-0.2009269767191845,106,50363.57225247173,37465.98198198198,60874.20571428572,91311.30857142856,1542.4610285714286,60874.20571428572,41196.0,30437.102857142854,48699.364571428574,56.648812500000005,293.28445714285715,25639.92628571429,41196.0,29752.382105,39649.841777,53892.010794,73982.944518,99876.975199,134833.916519,185242.115545,255058.739983,342405.64826,465772.209847,60.0,43056.5,38.16971198513472,-96.9636297811885,363.4323455788926
207.81,227.09,192.62,200.83,2024-01-19,0.01808266,0.02031719,0.00657497,0.02031719,20978.2089,3274.13697,70.93,29.07,2.44,36.36,63.64,0.571,6.46,2.26,2.858,1.01667431599,10828223,10600749,36586.0,-3.32222103,9.797,62463471666733.0,573323,613490,0,32650.7952,0.7719974123703695,41326.6,1.2275140173229993,-0.1906819113520477,105,50368.140151427215,37597.87387387388,60978.39428571428,91467.59142857142,1542.4610285714286,60978.39428571428,41624.0,30489.19714285714,48782.71542857143,56.648812500000005,293.28445714285715,25639.92628571429,41624.0,29785.623614,39694.141442,53952.222839,74065.603603,99988.564964,134984.562702,185449.081406,255343.710017,342788.208564,466292.604177,63.0,42633.5,40.38591995176001,-215.0954470091092,247.72678706129224
200.83,219.77,189.16,198.23,2024-01-20,0.02031719,0.02117967,0.00930645,0.00930645,0.0,0.0,67.21,32.79,2.05,40.4,59.6,0.678,5.54,2.37,2.338,0.994779816703,2864543,2892102,36586.0,-3.32222103,9.797,62463471666733.0,573323,613490,0,32699.1709,0.7828641463473454,41669.4,1.3409945094356763,-0.1897803761284553,104,50359.021482936194,37720.91891891892,61083.04571428571,91624.56857142856,1542.4610285714286,61083.04571428571,41654.0,30541.522857142856,48866.436571428574,56.648812500000005,293.28445714285715,25639.92628571429,41654.0,29818.896197,39738.482518,54012.491169,74148.339959,100100.259044,135135.34971,185656.24074,255628.946441,343171.126485,466813.484973,51.0,41200.0,41.038921471551525,-302.8044725066575,137.62053514770233
198.23,213.76,187.67,198.6,2024-01-21,0.00930645,0.01771443,0.00930645,0.01008342,0.0,0.0,65.99,34.01,1.94,38.38,61.62,0.623,4.94,2.45,2.016,1.002830369778,1568618,1704716,36586.0,-3.32222103,9.797,62463471666733.0,573323,613490,0,32749.7509,0.7814883334652062,41687.1,1.3116177029246303,-0.1913316705433825,103,50394.82364316934,37847.97297297297,61189.54857142857,91784.32285714283,1542.4610285714286,61189.54857142857,41619.0,30594.774285714284,48951.63885714285,56.648812500000005,293.28445714285715,25639.92628571429,41619.0,29852.199877,39782.865037,54072.815828,74231.153642,100212.057517,135286.277647,185863.593691,255914.449455,343554.402294,467334.8526,52.0,41533.5,41.24942581534221,-370.863629548825,35.923702208396875
198.6,220.35,165.97,187.1,2024-01-22,0.01008342,0.02126409,0.00546383,0.00546383,0.0,15973.87646,65.99,34.01,1.94,40.4,59.6,0.678,6.47,2.31,2.801,0.956266265596,12270024,12570516,36586.0,-3.32222103,9.797,62463471666733.0,573323,613490,0,32800.4079,0.7752701386821119,41575.1,1.494777022336598,-0.243105074347703,102,50394.731871931785,37956.92792792793,61284.88,91927.32,1542.4610285714286,61284.88,39519.0,30642.44,49027.904,56.648812500000005,293.28445714285715,25639.92628571429,39519.0,29885.534679,39827.28903,54133.196858,74314.044711,100323.96046,135437.346621,186071.140405,256200.219261,343938.036258,467856.707424,56.0,41644.0,18.263923733065738,-587.4813323078051,-88.75730469484353
187.1,206.47,179.72,179.72,2024-01-23,0.00546383,0.01090037,0.00546383,0.01027024,29012.51879,52127.64032,70.41,29.59,2.38,40.0,60.0,0.667,7.44,1.87,3.979,0.995091642981,10302462,10229537,36586.0,-3.32222103,9.797,62463471666733.0,573323,613490,0,32844.7435,0.700076724749326,39555.2,1.3640351577267549,-0.2327211213798374,101,50329.7355510312,38065.90990990991,61379.81142857143,92069.71714285716,1542.4610285714286,61379.81142857143,39880.0,30689.905714285716,49103.84914285714,56.648812500000005,293.28445714285715,25639.92628571429,39880.0,29918.900624,39871.754527,54193.634302,74397.013225,100435.967954,135588.556737,186278.881028,256486.256058,344322.028648,468379.049812,55.0,41600.0,22.757757310202976,-721.7033919359747,-215.34652214306976
179.72,207.32,166.18,180.07,2024-01-24,0.01027024,0.01134247,0.00589513,0.00589513,470.10253,0.0,67.0,33.0,2.03,34.34,65.66,0.523,3.77,3.93,0.959,1.035881945064,7442059,7360451,36586.0,-3.32222103,9.797,62463471666733.0,573323,613490,0,32890.2741,0.7099029019576087,39880.6,1.338262859468568,-0.2292928639673359,100,50405.25661942457,38179.89189189189,61477.6,92216.4,1542.4610285714286,61477.6,40077.0,30738.8,49182.08,56.648812500000005,293.28445714285715,25639.92628571429,40077.0,29952.297738,39916.261561,54254.128201,74480.059241,100548.080075,135739.908102,186486.815705,256772.560048,344706.379732,468901.88013,50.0,39733.0,19.203068001122446,-802.9234854687456,-332.8619148082049
180.07,213.85,166.51,190.65,2024-01-25,0.00589513,0.01046591,0.00451315,0.00451315,0.0,0.0,65.16,34.84,1.87,39.0,61.0,0.639,4.61,2.45,1.882,0.998003091042,5849165,5632364,36586.0,-3.32222103,9.797,62463471666733.0,573323,613490,0,32936.3867,0.7147097889021944,40064.7,1.6195500916942849,-0.2327672702189804,99,50338.36870209479,38287.45045045045,61580.76,92371.14,1542.4610285714286,61580.76,39885.0,30790.38,49264.60800000001,56.648812500000005,293.28445714285715,25639.92628571429,39885.0,29985.726043,39960.810162,54314.678599,74563.182817,100660.296904,135891.400821,186694.944583,257059.131432,345091.089782,469425.198745,48.0,39800.0,19.478178368121448,-872.7235760090261,-440.8342470483692
190.65,196.71,165.56,174.29,2024-01-26,0.00451315,0.01280975,0.00367963,0.01280975,32255.84938,0.0,65.52,34.48,1.9,36.36,63.64,0.571,4.72,2.86,1.65,1.064957564572,10908956,10580092,36586.0,-3.32222103,9.797,62463471666733.0,573323,613490,0,32982.116,0.7085834749485234,39941.5,1.351498842138097,-0.1863265878283382,98,50349.24702760314,38411.882882882885,61695.88571428572,92543.82857142856,1542.4610285714286,61695.88571428572,41790.0,30847.942857142854,49356.70857142858,56.648812500000005,293.28445714285715,25639.92628571429,41790.0,30019.185562,40005.400361,54375.285537,74646.384013,100772.618519,136043.035001,186903.267808,257345.97041,345476.159065,469949.006025,52.0,40040.0,43.542354235423545,-765.498876848178,-505.767173008331
174.29,176.41,147.34,147.34,2024-01-27,0.01280975,0.01280975,-0.00413681,-0.00025156,0.0,0.0,52.61,47.39,1.11,43.0,57.0,0.754,3.57,4.73,0.755,1.010229678408,1828324,2074036,36586.0,-3.32222103,9.797,62463471666733.0,573323,613490,0,33034.1304,0.7742558921775536,41806.5,1.5895616967762525,-0.1778887136335853,97,50346.72547156334,38540.48648648649,61811.74285714285,92717.61428571428,1542.4610285714286,61811.74285714285,42142.0,30905.871428571427,49449.39428571428,56.648812500000005,293.28445714285715,25639.92628571429,42142.0,30052.67632,40050.032191,54435.949058,74729.662887,100885.044998,136194.810748,187111.785525,257633.077184,345861.587853,470473.302336,49.0,39880.5,46.418955304254176,-644.6875156612005,-533.551241538905
147.34,171.62,144.47,157.83,2024-01-28,-0.00025156,0.0086315,-0.0064891,0.0086315,20472.21755,0.0,52.83,47.17,1.12,43.43,56.57,0.768,3.58,3.79,0.945,1.02323795195,3799011,3699659,36586.0,-3.32222103,9.797,62463471666733.0,573323,613490,0,33086.9942,0.7835406183986919,42112.4,1.4972228175383284,-0.1808346222307442,96,50355.06961207493,38670.576576576575,61927.22857142857,92890.84285714284,1542.4610285714286,61927.22857142857,42025.0,30963.614285714284,49541.78285714285,56.648812500000005,293.28445714285715,25639.92628571429,42025.0,30086.198339,40094.705681,54496.669206,74813.019496,100997.576421,136346.728168,187320.497881,257920.451955,346247.376416,470998.088047,55.0,41777.5,49.69445405280756,-552.0212068604451,-537.245234603213
157.83,168.59,137.23,153.02,2024-01-29,0.0086315,0.0086315,-0.00167437,0.00135915,8343.35576,0.0,54.13,45.87,1.18,40.82,59.18,0.69,4.67,4.09,1.142,1.05211323843,4620342,4407811,36586.0,-3.32222103,9.797,62463471666733.0,573323,613490,0,33139.0267,0.7781032246545803,42021.3,1.45322104512954,-0.1498871823552949,95,50309.87938755619,38813.93693693694,62050.10285714285,93075.15428571428,1542.4610285714286,62050.10285714285,43307.0,31025.051428571427,49640.082285714285,56.648812500000005,293.28445714285715,25639.92628571429,43307.0,30119.751644,40139.420864,54557.446021,74896.4539,101110.212866,136498.787368,187529.405021,258208.094924,346633.525023,471523.363524,54.0,42002.5,54.12197686645636,-370.8607517389464,-503.96833803035975
153.02,159.23,123.34,126.47,2024-01-30,0.00135915,0.00135915,-0.00874972,-0.00874972,8200.93177,80.85431,49.49,50.51,0.98,39.0,61.0,0.639,4.58,5.01,0.914,1.012129676609,6613559,6666018,36586.0,-3.32222103,9.797,62463471666733.0,573323,613490,0,33194.246,0.8235721150395787,43290.6,1.379878241176405,-0.1547611670287523,94,50233.49087762911,38959.63063063063,62169.04571428571,93253.56857142856,1542.4610285714286,62169.04571428571,43031.0,31084.522857142856,49735.23657142857,56.648812500000005,293.28445714285715,25639.92628571429,43031.0,30153.336256,40184.177771,54618.279548,74979.966156,101222.954411,136650.988455,187738.507093,258496.006293,347020.033946,472049.129136,55.0,41872.0,49.54318033500108,-246.71668289173977,-452.5180070026357
126.47,156.43,121.53,151.52,2024-01-31,-0.00874972,0.00158617,-0.01403018,0.00158617,7339.57972,12.69825,51.92,48.08,1.08,41.0,59.0,0.695,3.8,5.52,0.688,1.013501073423,8777093,9044808,36586.0,-3.32222103,9.797,62463471666733.0,573323,613490,0,33251.981,0.8068894414715486,42909.9,1.2450337924197497,-0.1656515595146626,93,50254.8305220514,39102.31531531532,62273.36,93410.04,1542.4610285714286,62273.36,42583.0,31136.68,49818.688,56.648812500000005,293.28445714285715,25639.92628571429,42583.0,30186.952202,40228.976432,54679.169827,75063.556323,101335.801137,136803.331535,187947.804243,258784.186263,347406.903455,472575.38525,61.0,43230.0,49.29653679653679,-182.37911689587054,-398.4902289812827
151.52,188.19,138.99,161.96,2024-02-01,0.00158617,0.00702735,-0.00421073,0.00702735,0.0,0.0,53.05,46.95,1.13,40.4,59.6,0.678,5.27,3.93,1.341,1.017493297696,9190585,9035581,36586.0,-3.32222103,9.797,62463471666733.0,573323,613490,0,33308.5531,0.7916626547609997,42561.8,1.4360688427539938,-0.1535440460862105,92,50237.68154825163,39248.43243243243,62384.77142857143,93577.15714285716,1542.4610285714286,62384.77142857143,43087.0,31192.38571428572,49907.81714285715,56.648812500000005,293.28445714285715,25639.92628571429,43087.0,30220.599502,40273.81688,54740.116903,75147.22446,101448.753122,136955.816715,188157.296617,259072.635036,347794.13382,473102.132235,60.0,42838.5,61.49264616506625,-89.6886692706612,-336.72991703915847
161.96,181.97,150.01,163.88,2024-02-02,0.00702735,0.00702735,-0.00358363,0.00044366,0.0,0.0,48.72,51.28,0.95,35.35,64.65,0.547,3.42,5.91,0.579,1.014273204723,6019101,6033102,36586.0,-3.32222103,9.797,62463471666733.0,573323,613490,0,33367.9208,0.8091468432663065,43090.4,1.7804624377539766,-0.1467841183751392,91,50090.310863957886,39396.0990990991,62491.17142857143,93736.75714285714,1542.4610285714286,62491.17142857143,43252.0,31245.585714285717,49992.93714285715,56.648812500000005,293.28445714285715,25639.92628571429,43252.0,30254.278182,40318.699146,54801.120818,75230.970625,101561.810445,137108.444101,188366.984362,259361.352813,348181.725313,473629.37046,63.0,42511.0,60.22099447513812,-2.8834619373010355,-269.96062601878697
